no,Symbol,Company_Name,mcap_lakhs,instrument_token,exchange_token,tradingsymbol,name,last_price,expiry,strike,tick_size,lot_size,instrument_type,segment,exchange,get_historical,analysis,get_incremental,last_refresh_date
1,RELIANCE,Reliance Industries Limited,126985361,738561,2885,RELIANCE,RELIANCE INDUSTRIES,0,,0,0.05,1,EQ,NSE,NSE,N,Y,Y,2021-06-15 00:00
2,TCS,Tata Consultancy Services Limited,117550304,2953217,11536,TCS,TATA CONSULTANCY SERV LT,0,,0,0.05,1,EQ,NSE,NSE,N,Y,Y,2021-06-15 00:00
3,HDFCBANK,HDFC Bank Limited,82341586,341249,1333,HDFCBANK,HDFC BANK,0,,0,0.05,1,EQ,NSE,NSE,N,Y,Y,2021-06-15 00:00
4,INFY,Infosys Limited,58277398,408065,1594,INFY,INFOSYS,0,,0,0.05,1,EQ,NSE,NSE,N,Y,Y,2021-06-15 00:00
5,HINDUNILVR,Hindustan Unilever Limited,57129664,356865,1394,HINDUNILVR,HINDUSTAN UNILEVER.,0,,0,0.05,1,EQ,NSE,NSE,N,Y,Y,2021-06-15 00:00
6,HDFC,Housing Development Finance Corporation Limited,44996047,340481,1330,HDFC,HDFC,0,,0,0.05,1,EQ,NSE,NSE,N,Y,Y,2021-06-15 00:00
7,ICICIBANK,ICICI Bank Limited,40254860,1270529,4963,ICICIBANK,ICICI BANK.,0,,0,0.05,1,EQ,NSE,NSE,N,Y,Y,2021-06-15 00:00
8,KOTAKBANK,Kotak Mahindra Bank Limited,34737830,492033,1922,KOTAKBANK,KOTAK MAHINDRA BANK,0,,0,0.05,1,EQ,NSE,NSE,N,Y,Y,6/15/2021 0:00
9,SBIN,State Bank of India,32512360,779521,3045,SBIN,STATE BANK OF INDIA,0,,0,0.05,1,EQ,NSE,NSE,N,Y,Y,6/15/2021 0:00
10,BAJFINANCE,Bajaj Finance Limited,31032344,81153,317,BAJFINANCE,BAJAJ FINANCE,0,,0,0.05,1,EQ,NSE,NSE,N,Y,Y,6/15/2021 0:00
11,BHARTIARTL,Bharti Airtel Limited,28410257,2714625,10604,BHARTIARTL,BHARTI AIRTEL,0,,0,0.05,1,EQ,NSE,NSE,N,Y,Y,6/14/2021 0:00
12,ITC,ITC Limited,26892695,424961,1660,ITC,ITC,0,,0,0.05,1,EQ,NSE,NSE,N,Y,Y,6/15/2021 0:00
13,HCLTECH,HCL Technologies Limited,26665830,1850625,7229,HCLTECH,HCL TECHNOLOGIES,0,,0,0.05,1,EQ,NSE,NSE,N,Y,Y,6/15/2021 0:00
14,ASIANPAINT,Asian Paints Limited,24338685,60417,236,ASIANPAINT,ASIAN PAINTS,0,,0,0.05,1,EQ,NSE,NSE,N,Y,Y,6/15/2021 0:00
15,WIPRO,Wipro Limited,22691736,969473,3787,WIPRO,WIPRO,0,,0,0.05,1,EQ,NSE,NSE,N,Y,Y,6/15/2021 0:00
16,AXISBANK,Axis Bank Limited,21365557,1510401,5900,AXISBANK,AXIS BANK,0,,0,0.05,1,EQ,NSE,NSE,N,Y,Y,6/15/2021 0:00
17,MARUTI,Maruti Suzuki India Limited,20720275,2815745,10999,MARUTI,MARUTI SUZUKI INDIA.,0,,0,0.05,1,EQ,NSE,NSE,N,Y,Y,6/15/2021 0:00
18,LT,Larsen & Toubro Limited,19927530,2939649,11483,LT,LARSEN & TOUBRO.,0,,0,0.05,1,EQ,NSE,NSE,N,Y,Y,6/15/2021 0:00
19,ULTRACEMCO,UltraTech Cement Limited,19448517,2952193,11532,ULTRACEMCO,ULTRATECH CEMENT,0,,0,0.05,1,EQ,NSE,NSE,N,Y,Y,6/15/2021 0:00
20,DMART,Avenue Supermarts Limited,18520202,5097729,19913,DMART,AVENUE SUPERMARTS,0,,0,0.05,1,EQ,NSE,NSE,N,Y,Y,6/15/2021 0:00
21,ADANIGREEN,Adani Green Energy Limited,17280012,912129,3563,ADANIGREEN,ADANI GREEN ENERGY,0,,0,0.05,1,EQ,NSE,NSE,N,Y,Y,6/8/2021 0:00
22,BAJAJFINSV,Bajaj Finserv Limited,15386363,4268801,16675,BAJAJFINSV,BAJAJ FINSERV.,0,,0,0.05,1,EQ,NSE,NSE,N,Y,Y,6/15/2021 0:00
23,SUNPHARMA,Sun Pharmaceutical Industries Limited,14343224,857857,3351,SUNPHARMA,SUN PHARMACEUTICAL IND L,0,,0,0.05,1,EQ,NSE,NSE,N,Y,Y,6/15/2021 0:00
24,ADANIPORTS,Adani Ports and Special Economic Zone Limited,14271024,3861249,15083,ADANIPORTS,ADANI PORT & SEZ,0,,0,0.05,1,EQ,NSE,NSE,N,Y,Y,6/15/2021 0:00
25,HDFCLIFE,HDFC Life Insurance Company Limited,14069812,119553,467,HDFCLIFE,HDFC LIFE INS CO,0,,0,0.05,1,EQ,NSE,NSE,N,Y,Y,6/15/2021 0:00
26,TITAN,Titan Company Limited,13832152,897537,3506,TITAN,TITAN COMPANY,0,,0,0.05,1,EQ,NSE,NSE,N,Y,Y,6/15/2021 0:00
27,ONGC,Oil & Natural Gas Corporation Limited,12850755,633601,2475,ONGC,OIL AND NATURAL GAS CORP.,0,,0,0.05,1,EQ,NSE,NSE,N,Y,Y,6/15/2021 0:00
28,HINDZINC,Hindustan Zinc Limited,11530896,364545,1424,HINDZINC,HINDUSTAN ZINC,0,,0,0.05,1,EQ,NSE,NSE,N,Y,Y,6/15/2021 0:00
29,ADANIENT,Adani Enterprises Limited,11340692,6401,25,ADANIENT,ADANI ENTERPRISES,0,,0,0.05,1,EQ,NSE,NSE,N,Y,Y,6/15/2021 0:00
30,JSWSTEEL,JSW Steel Limited,11323469,3001089,11723,JSWSTEEL,JSW STEEL,0,,0,0.05,1,EQ,NSE,NSE,N,Y,Y,6/15/2021 0:00
31,POWERGRID,Power Grid Corporation of India Limited,11281923,3834113,14977,POWERGRID,POWER GRID CORP..,0,,0,0.05,1,EQ,NSE,NSE,N,Y,Y,6/15/2021 0:00
32,SHREECEM,SHREE CEMENT LIMITED,10631337,794369,3103,SHREECEM,SHREE CEMENT,0,,0,0.05,1,EQ,NSE,NSE,N,Y,Y,6/15/2021 0:00
33,BAJAJ-AUTO,Bajaj Auto Limited,10621506,4267265,16669,BAJAJ-AUTO,BAJAJ AUTO,0,,0,0.05,1,EQ,NSE,NSE,N,Y,Y,6/15/2021 0:00
34,ATGL,Adani Total Gas Limited,10571924,1552897,6066,ATGL,ADANI TOTAL GAS,0,,0,0.05,1,EQ,NSE,NSE,N,Y,Y,6/8/2021 0:00
35,NTPC,NTPC Limited,10331798,2977281,11630,NTPC,NTPC,0,,0,0.05,1,EQ,NSE,NSE,N,Y,Y,6/15/2021 0:00
36,TATAMOTORS,Tata Motors Limited,10020689,884737,3456,TATAMOTORS,TATA MOTORS,0,,0,0.05,1,EQ,NSE,NSE,N,Y,Y,6/15/2021 0:00
37,ADANITRANS,Adani Transmission Limited,9990675,2615553,10217,ADANITRANS,ADANI TRANSMISSION,0,,0,0.05,1,EQ,NSE,NSE,N,Y,Y,6/8/2021 0:00
38,M&M,Mahindra & Mahindra Limited,9886489,519937,2031,M&M,MAHINDRA & MAHINDRA,0,,0,0.05,1,EQ,NSE,NSE,N,Y,Y,6/15/2021 0:00
39,DIVISLAB,Divi's Laboratories Limited,9617396,2800641,10940,DIVISLAB,DIVI'S LABORATORIES,0,,0,0.05,1,EQ,NSE,NSE,N,Y,Y,6/15/2021 0:00
40,TECHM,Tech Mahindra Limited,9599814,3465729,13538,TECHM,TECH MAHINDRA,0,,0,0.05,1,EQ,NSE,NSE,N,Y,Y,6/15/2021 0:00
41,DABUR,Dabur India Limited,9552934,197633,772,DABUR,DABUR INDIA,0,,0,0.05,1,EQ,NSE,NSE,N,Y,Y,6/15/2021 0:00
42,GRASIM,Grasim Industries Limited,9543908,315393,1232,GRASIM,GRASIM INDUSTRIES,0,,0,0.05,1,EQ,NSE,NSE,N,Y,Y,6/15/2021 0:00
43,BPCL,Bharat Petroleum Corporation Limited,9283317,134657,526,BPCL,BHARAT PETROLEUM CORP  LT,0,,0,0.05,1,EQ,NSE,NSE,N,Y,Y,6/15/2021 0:00
44,PIDILITIND,Pidilite Industries Limited,9194527,681985,2664,PIDILITIND,PIDILITE INDUSTRIES,0,,0,0.05,1,EQ,NSE,NSE,N,Y,Y,6/15/2021 0:00
45,TATASTEEL,Tata Steel Limited,9145405,895745,3499,TATASTEEL,TATA STEEL,0,,0,0.05,1,EQ,NSE,NSE,N,Y,Y,6/15/2021 0:00
46,SBILIFE,SBI Life Insurance Company Limited,8809114,5582849,21808,SBILIFE,SBI LIFE INSURANCE CO,0,,0,0.05,1,EQ,NSE,NSE,N,Y,Y,6/15/2021 0:00
47,BRITANNIA,Britannia Industries Limited,8731596,140033,547,BRITANNIA,BRITANNIA INDUSTRIES,0,,0,0.05,1,EQ,NSE,NSE,N,Y,Y,6/15/2021 0:00
48,SBICARD,SBI Cards and Payment Services Limited,8730428,4600577,17971,SBICARD,SBI CARDS & PAY SER,0,,0,0.05,1,EQ,NSE,NSE,N,Y,Y,6/15/2021 0:00
49,IOC,Indian Oil Corporation Limited,8646905,415745,1624,IOC,INDIAN OIL CORP,0,,0,0.05,1,EQ,NSE,NSE,N,Y,Y,6/15/2021 0:00
50,VEDL,Vedanta Limited,8503087,784129,3063,VEDL,VEDANTA,0,,0,0.05,1,EQ,NSE,NSE,N,Y,Y,6/15/2021 0:00
51,COALINDIA,Coal India Limited,8033116,5215745,20374,COALINDIA,COAL INDIA,0,,0,0.05,1,EQ,NSE,NSE,N,Y,Y,6/15/2021 0:00
52,DRREDDY,Dr. Reddy's Laboratories Limited,7510125,225537,881,DRREDDY,DR. REDDY'S LABORATORIES,0,,0,0.05,1,EQ,NSE,NSE,N,Y,Y,6/15/2021 0:00
53,GODREJCP,Godrej Consumer Products Limited,7460571,2585345,10099,GODREJCP,GODREJ CONSUMER PRODUCTS,0,,0,0.05,1,EQ,NSE,NSE,N,Y,Y,6/15/2021 0:00
54,BERGEPAINT,Berger Paints (I) Limited,7430407,103425,404,BERGEPAINT,BERGER PAINTS (I),0,,0,0.05,1,EQ,NSE,NSE,N,Y,Y,6/15/2021 0:00
55,INDUSINDBK,IndusInd Bank Limited,7379380,1346049,5258,INDUSINDBK,INDUSIND BANK,0,,0,0.05,1,EQ,NSE,NSE,N,Y,Y,6/15/2021 0:00
56,HINDALCO,Hindalco Industries Limited,7343287,348929,1363,HINDALCO,HINDALCO  INDUSTRIES ,0,,0,0.05,1,EQ,NSE,NSE,N,Y,Y,6/15/2021 0:00
57,EICHERMOT,Eicher Motors Limited,7117531,232961,910,EICHERMOT,EICHER MOTORS,0,,0,0.05,1,EQ,NSE,NSE,N,Y,Y,6/15/2021 0:00
58,DLF,DLF Limited,7105392,3771393,14732,DLF,DLF,0,,0,0.05,1,EQ,NSE,NSE,N,Y,Y,6/15/2021 0:00
59,LTI,Larsen & Toubro Infotech Limited,7082721,4561409,17818,LTI,L&T INFOTECH,0,,0,0.05,1,EQ,NSE,NSE,N,Y,Y,6/15/2021 0:00
60,INDUSTOWER,Indus Towers Limited,6602596,7458561,29135,INDUSTOWER,INDUS TOWERS,0,,0,0.05,1,EQ,NSE,NSE,N,Y,Y,6/15/2021 0:00
61,HAVELLS,Havells India Limited,6575641,2513665,9819,HAVELLS,HAVELLS INDIA,0,,0,0.05,1,EQ,NSE,NSE,N,Y,Y,6/15/2021 0:00
62,CIPLA,Cipla Limited,6573459,177665,694,CIPLA,CIPLA,0,,0,0.05,1,EQ,NSE,NSE,N,Y,Y,6/15/2021 0:00
63,SIEMENS,Siemens Limited,6566858,806401,3150,SIEMENS,SIEMENS,0,,0,0.05,1,EQ,NSE,NSE,N,Y,Y,6/15/2021 0:00
64,ICICIGI,ICICI Lombard General Insurance Company Limited,6515142,5573121,21770,ICICIGI,ICICI LOMBARD GIC,0,,0,0.05,1,EQ,NSE,NSE,N,Y,Y,6/15/2021 0:00
65,ICICIPRULI,ICICI Prudential Life Insurance Company Limited,6398660,4774913,18652,ICICIPRULI,ICICI PRU LIFE INS CO,0,,0,0.05,1,EQ,NSE,NSE,N,Y,Y,6/15/2021 0:00
66,MOTHERSUMI,Motherson Sumi Systems Limited,6361659,1076225,4204,MOTHERSUMI,MOTHERSON SUMI SYSTEMS LT,0,,0,0.05,1,EQ,NSE,NSE,N,Y,Y,6/15/2021 0:00
67,INDIGO,InterGlobe Aviation Limited,6280780,2865921,11195,INDIGO,INTERGLOBE AVIATION,0,,0,0.05,1,EQ,NSE,NSE,N,Y,Y,6/15/2021 0:00
68,HDFCAMC,HDFC Asset Management Company Limited,6215944,1086465,4244,HDFCAMC,HDFC AMC,0,,0,0.05,1,EQ,NSE,NSE,N,Y,Y,6/15/2021 0:00
69,AMBUJACEM,Ambuja Cements Limited,6132665,325121,1270,AMBUJACEM,AMBUJA CEMENTS,0,,0,0.05,1,EQ,NSE,NSE,N,Y,Y,6/15/2021 0:00
70,GAIL,GAIL (India) Limited,6111242,1207553,4717,GAIL,GAIL (INDIA),0,,0,0.05,1,EQ,NSE,NSE,N,Y,Y,6/15/2021 0:00
71,TATACONSUM,TATA CONSUMER PRODUCTS LIMITED,5887794,878593,3432,TATACONSUM,TATA CONSUMER PRODUCT,0,,0,0.05,1,EQ,NSE,NSE,N,Y,Y,6/15/2021 0:00
72,HEROMOTOCO,Hero MotoCorp Limited,5820796,345089,1348,HEROMOTOCO,HERO MOTOCORP,0,,0,0.05,1,EQ,NSE,NSE,N,Y,Y,6/15/2021 0:00
73,NAUKRI,Info Edge (India) Limited,5512669,3520257,13751,NAUKRI,INFO EDGE (I),0,,0,0.05,1,EQ,NSE,NSE,N,Y,Y,6/15/2021 0:00
74,BANDHANBNK,Bandhan Bank Limited,5458267,579329,2263,BANDHANBNK,BANDHAN BANK,0,,0,0.05,1,EQ,NSE,NSE,N,Y,Y,6/15/2021 0:00
75,MARICO,Marico Limited,5311291,1041153,4067,MARICO,MARICO,0,,0,0.05,1,EQ,NSE,NSE,N,Y,Y,6/15/2021 0:00
76,AUROPHARMA,Aurobindo Pharma Limited,5163877,70401,275,AUROPHARMA,AUROBINDO PHARMA,0,,0,0.05,1,EQ,NSE,NSE,N,Y,Y,6/15/2021 0:00
77,BIOCON,Biocon Limited,4906800,2911489,11373,BIOCON,BIOCON,0,,0,0.05,1,EQ,NSE,NSE,N,Y,Y,6/15/2021 0:00
78,UPL,UPL Limited,4904026,2889473,11287,UPL,UPL,0,,0,0.05,1,EQ,NSE,NSE,N,Y,Y,6/15/2021 0:00
79,MUTHOOTFIN,Muthoot Finance Limited,4837940,6054401,23650,MUTHOOTFIN,MUTHOOT FINANCE,0,,0,0.05,1,EQ,NSE,NSE,N,Y,Y,6/15/2021 0:00
80,LUPIN,Lupin Limited,4629278,2672641,10440,LUPIN,LUPIN,0,,0,0.05,1,EQ,NSE,NSE,N,Y,Y,6/15/2021 0:00
81,CHOLAFIN,Cholamandalam Investment and Finance Company Limited,4582319,175361,685,CHOLAFIN,CHOLAMANDALAM IN & FIN CO,0,,0,0.05,1,EQ,NSE,NSE,N,Y,Y,6/15/2021 0:00
82,CADILAHC,Cadila Healthcare Limited,4513681,2029825,7929,CADILAHC,CADILA HEALTHCARE,0,,0,0.05,1,EQ,NSE,NSE,N,Y,Y,6/15/2021 0:00
83,TORNTPHARM,Torrent Pharmaceuticals Limited,4306803,900609,3518,TORNTPHARM,TORRENT PHARMACEUTICALS L,0,,0,0.05,1,EQ,NSE,NSE,N,Y,Y,6/15/2021 0:00
84,COLPAL,Colgate Palmolive (India) Limited,4241208,3876097,15141,COLPAL,COLGATE PALMOLIVE.,0,,0,0.05,1,EQ,NSE,NSE,N,Y,Y,6/15/2021 0:00
85,HONAUT,Honeywell Automation India Limited,4197942,874753,3417,HONAUT,HONEYWELL AUTOMATION IND,0,,0,0.05,1,EQ,NSE,NSE,N,Y,Y,6/15/2021 0:00
86,APOLLOHOSP,Apollo Hospitals Enterprise Limited,4173565,40193,157,APOLLOHOSP,APOLLO HOSPITALS ENTER. L,0,,0,0.05,1,EQ,NSE,NSE,N,Y,Y,6/15/2021 0:00
87,BOSCHLTD,Bosch Limited,4155182,558337,2181,BOSCHLTD,BOSCH,0,,0,0.05,1,EQ,NSE,NSE,N,Y,Y,6/15/2021 0:00
88,IDBI,IDBI Bank Limited,4145051,377857,1476,IDBI,IDBI BANK,0,,0,0.05,1,EQ,NSE,NSE,N,Y,Y,6/15/2021 0:00
89,PGHH,Procter & Gamble Hygiene and Health Care Limited,4115680,648961,2535,PGHH,P&G HYGIENE & HEALTH CARE,0,,0,0.05,1,EQ,NSE,NSE,N,Y,Y,6/15/2021 0:00
90,GLAND,Gland Pharma Limited,4052037,303617,1186,GLAND,GLAND PHARMA,0,,0,0.05,1,EQ,NSE,NSE,N,Y,Y,6/15/2021 0:00
91,MCDOWELL-N,United Spirits Limited,4042654,2674433,10447,MCDOWELL-N,UNITED SPIRITS,0,,0,0.05,1,EQ,NSE,NSE,N,Y,Y,6/15/2021 0:00
92,NMDC,NMDC Limited,3966575,3924993,15332,NMDC,NMDC.,0,,0,0.05,1,EQ,NSE,NSE,N,Y,Y,6/15/2021 0:00
93,PEL,Piramal Enterprises Limited,3954026,617473,2412,PEL,PIRAMAL ENTERPRISES,0,,0,0.05,1,EQ,NSE,NSE,N,Y,Y,6/15/2021 0:00
94,GODREJPROP,Godrej Properties Limited,3909964,4576001,17875,GODREJPROP,GODREJ PROPERTIES,0,,0,0.05,1,EQ,NSE,NSE,N,Y,Y,6/15/2021 0:00
95,YESBANK,Yes Bank Limited,3908565,3050241,11915,YESBANK,YES BANK,0,,0,0.05,1,EQ,NSE,NSE,N,Y,Y,6/15/2021 0:00
96,JUBLFOOD,Jubilant Foodworks Limited,3841553,4632577,18096,JUBLFOOD,JUBILANT FOODWORKS,0,,0,0.05,1,EQ,NSE,NSE,N,Y,Y,6/15/2021 0:00
97,PNB,Punjab National Bank,3840071,2730497,10666,PNB,PUNJAB NATIONAL BANK,0,,0,0.05,1,EQ,NSE,NSE,N,Y,Y,6/15/2021 0:00
98,AUBANK,AU Small Finance Bank Limited,3831997,5436929,21238,AUBANK,AU SMALL FINANCE BANK,0,,0,0.05,1,EQ,NSE,NSE,N,Y,Y,6/15/2021 0:00
99,BANKBARODA,Bank of Baroda,3831979,1195009,4668,BANKBARODA,BANK OF BARODA,0,,0,0.05,1,EQ,NSE,NSE,N,Y,Y,6/15/2021 0:00
100,GUJGASLTD,Gujarat Gas Limited,3782360,2713345,10599,GUJGASLTD,GUJARAT GAS,0,,0,0.05,1,EQ,NSE,NSE,N,Y,Y,6/15/2021 0:00
101,BAJAJHLDNG,Bajaj Holdings & Investment Limited,3664951,78081,305,BAJAJHLDNG,BAJAJ HOLDINGS & INVS,0,,0,0.05,1,EQ,NSE,NSE,N,Y,Y,6/15/2021 0:00
102,CONCOR,Container Corporation of India Limited,3643580,1215745,4749,CONCOR,CONTAINER CORP OF IND,0,,0,0.05,1,EQ,NSE,NSE,N,Y,Y,6/15/2021 0:00
103,SRTRANSFIN,Shriram Transport Finance Company Limited,3599294,1102337,4306,SRTRANSFIN,SHRIRAM TRANSPORT FIN CO.,0,,0,0.05,1,EQ,NSE,NSE,N,Y,Y,6/15/2021 0:00
104,IGL,Indraprastha Gas Limited,3586454,2883073,11262,IGL,INDRAPRASTHA GAS,0,,0,0.05,1,EQ,NSE,NSE,N,Y,Y,6/15/2021 0:00
105,ACC,ACC Limited,3574061,5633,22,ACC,ACC,0,,0,0.05,1,EQ,NSE,NSE,N,Y,Y,6/15/2021 0:00
106,JINDALSTEL,Jindal Steel & Power Limited,3504775,1723649,6733,JINDALSTEL,JINDAL STEEL & POWER,0,,0,0.05,1,EQ,NSE,NSE,N,Y,Y,6/15/2021 0:00
107,GICRE,General Insurance Corporation of India,3498274,70913,277,GICRE,GENERAL INS CORP OF INDIA,0,,0,0.05,1,EQ,NSE,NSE,N,Y,Y,6/15/2021 0:00
108,MRF,MRF Limited,3488741,582913,2277,MRF,MRF,0,,0,0.05,1,EQ,NSE,NSE,N,Y,Y,6/15/2021 0:00
109,HINDPETRO,Hindustan Petroleum Corporation Limited,3443440,359937,1406,HINDPETRO,HINDUSTAN PETROLEUM CORP,0,,0,0.05,1,EQ,NSE,NSE,N,Y,Y,6/15/2021 0:00
110,MINDTREE,MindTree Limited,3432595,3675137,14356,MINDTREE,MINDTREE,0,,0,0.05,1,EQ,NSE,NSE,N,Y,Y,6/15/2021 0:00
111,3MINDIA,3M India Limited,3428710,121345,474,3MINDIA,3M INDIA,0,,0,0.05,1,EQ,NSE,NSE,N,Y,Y,6/15/2021 0:00
112,PIIND,PI Industries Limited,3425917,6191105,24184,PIIND,PI INDUSTRIES,0,,0,0.05,1,EQ,NSE,NSE,N,Y,Y,6/15/2021 0:00
113,PAGEIND,Page Industries Limited,3381570,3689729,14413,PAGEIND,PAGE INDUSTRIES,0,,0,0.05,1,EQ,NSE,NSE,N,Y,Y,6/15/2021 0:00
114,PETRONET,Petronet LNG Limited,3369750,2905857,11351,PETRONET,PETRONET LNG,0,,0,0.05,1,EQ,NSE,NSE,N,Y,Y,6/15/2021 0:00
115,ASHOKLEY,Ashok Leyland Limited,3331823,54273,212,ASHOKLEY,ASHOK LEYLAND,0,,0,0.05,1,EQ,NSE,NSE,N,Y,Y,6/15/2021 0:00
116,HAL,Hindustan Aeronautics Limited,3326988,589569,2303,HAL,HINDUSTAN AERONAUTICS,0,,0,0.05,1,EQ,NSE,NSE,N,Y,Y,6/15/2021 0:00
117,MPHASIS,MphasiS Limited,3322802,1152769,4503,MPHASIS,MPHASIS,0,,0,0.05,1,EQ,NSE,NSE,N,Y,Y,6/15/2021 0:00
118,VOLTAS,Voltas Limited,3315300,951809,3718,VOLTAS,VOLTAS,0,,0,0.05,1,EQ,NSE,NSE,N,Y,Y,6/15/2021 0:00
119,ALKEM,Alkem Laboratories Limited,3311711,2995969,11703,ALKEM,ALKEM LABORATORIES.,0,,0,0.05,1,EQ,NSE,NSE,N,Y,Y,6/15/2021 0:00
120,TATAPOWER,Tata Power Company Limited,3299188,877057,3426,TATAPOWER,TATA POWER CO,0,,0,0.05,1,EQ,NSE,NSE,N,Y,Y,6/15/2021 0:00
121,UBL,United Breweries Limited,3282458,4278529,16713,UBL,UNITED BREWERIES,0,,0,0.05,1,EQ,NSE,NSE,N,Y,Y,6/15/2021 0:00
122,ADANIPOWER,Adani Power Limited,3280327,4451329,17388,ADANIPOWER,ADANI POWER,0,,0,0.05,1,EQ,NSE,NSE,N,Y,Y,6/10/2021 0:00
123,BALKRISIND,Balkrishna Industries Limited,3264161,85761,335,BALKRISIND,BALKRISHNA IND.,0,,0,0.05,1,EQ,NSE,NSE,N,Y,Y,6/15/2021 0:00
124,SAIL,Steel Authority of India Limited,3254854,758529,2963,SAIL,STEEL AUTHORITY OF INDIA,0,,0,0.05,1,EQ,NSE,NSE,N,Y,Y,6/15/2021 0:00
125,ASTRAL,Astral Poly Technik Limited,3248377,3691009,14418,ASTRAL,ASTRAL,0,,0,0.05,1,EQ,NSE,NSE,N,Y,Y,6/15/2021 0:00
126,KANSAINER,Kansai Nerolac Paints Limited,3239177,306177,1196,KANSAINER,KANSAI NEROLAC PAINTS,0,,0,0.05,1,EQ,NSE,NSE,N,Y,Y,6/15/2021 0:00
127,SRF,SRF Limited,3205640,837889,3273,SRF,SRF,0,,0,0.05,1,EQ,NSE,NSE,N,Y,Y,6/15/2021 0:00
128,IDFCFIRSTB,IDFC First Bank Limited,3161448,2863105,11184,IDFCFIRSTB,IDFC FIRST BANK,0,,0,0.05,1,EQ,NSE,NSE,N,Y,Y,6/15/2021 0:00
129,BEL,Bharat Electronics Limited,3048178,98049,383,BEL,BHARAT ELECTRONICS,0,,0,0.05,1,EQ,NSE,NSE,N,Y,Y,6/15/2021 0:00
130,TATACOMM,Tata Communications Limited,3028980,952577,3721,TATACOMM,TATA COMMUNICATIONS,0,,0,0.05,1,EQ,NSE,NSE,N,Y,Y,6/15/2021 0:00
131,PFC,Power Finance Corporation Limited,3003093,3660545,14299,PFC,POWER FIN CORP.,0,,0,0.05,1,EQ,NSE,NSE,N,Y,Y,6/15/2021 0:00
132,IRFC,Indian Railway Finance Corporation Limited,2992688,519425,2029,IRFC,INDIAN RAILWAY FIN CORP L,0,,0,0.05,1,EQ,NSE,NSE,N,Y,Y,6/15/2021 0:00
133,ABB,ABB India Limited,2988014,3329,13,ABB,ABB INDIA,0,,0,0.05,1,EQ,NSE,NSE,N,Y,Y,6/15/2021 0:00
134,DALBHARAT,Dalmia Bharat Limited,2968125,2067201,8075,DALBHARAT,DALMIA BHARAT,0,,0,0.05,1,EQ,NSE,NSE,N,Y,Y,6/15/2021 0:00
135,MFSL,Max Financial Services Limited,2965879,548353,2142,MFSL,MAX FINANCIAL SERV,0,,0,0.05,1,EQ,NSE,NSE,N,Y,Y,6/15/2021 0:00
136,VBL,Varun Beverages Limited,2895404,4843777,18921,VBL,VARUN BEVERAGES,0,,0,0.05,1,EQ,NSE,NSE,N,Y,Y,6/15/2021 0:00
137,ABCAPITAL,Aditya Birla Capital Limited,2881232,5533185,21614,ABCAPITAL,ADITYA BIRLA CAPITAL.,0,,0,0.05,1,EQ,NSE,NSE,N,Y,Y,6/15/2021 0:00
138,SUNDARMFIN,Sundaram Finance Limited,2855869,854785,3339,SUNDARMFIN,SUNDARAM FINANCE,0,,0,0.05,1,EQ,NSE,NSE,N,Y,Y,6/15/2021 0:00
139,WHIRLPOOL,Whirlpool of India Limited,2824928,4610817,18011,WHIRLPOOL,WHIRLPOOL OF INDIA,0,,0,0.05,1,EQ,NSE,NSE,N,Y,Y,6/15/2021 0:00
140,IRCTC,Indian Railway Catering And Tourism Corporation Limited,2811200,3484417,13611,IRCTC,INDIAN RAIL TOUR CORP,0,,0,0.05,1,EQ,NSE,NSE,N,Y,Y,6/15/2021 0:00
141,LTTS,L&T Technology Services Limited,2787736,4752385,18564,LTTS,L&T TECHNOLOGY SER..,0,,0,0.05,1,EQ,NSE,NSE,N,Y,Y,6/15/2021 0:00
142,TVSMOTOR,TVS Motor Company Limited,2779497,2170625,8479,TVSMOTOR,TVS MOTOR COMPANY ,0,,0,0.05,1,EQ,NSE,NSE,N,Y,Y,6/15/2021 0:00
143,BHARATFORG,Bharat Forge Limited,2774675,108033,422,BHARATFORG,BHARAT FORGE,0,,0,0.05,1,EQ,NSE,NSE,N,Y,Y,6/15/2021 0:00
144,OFSS,Oracle Financial Services Software Limited,2752962,2748929,10738,OFSS,ORACLE FIN SERV SOFT.,0,,0,0.05,1,EQ,NSE,NSE,N,Y,Y,6/15/2021 0:00
145,TRENT,Trent Limited,2669889,502785,1964,TRENT,TRENT,0,,0,0.05,1,EQ,NSE,NSE,N,Y,Y,6/15/2021 0:00
146,IDEA,Vodafone Idea Limited,2658024,3677697,14366,IDEA,VODAFONE IDEA,0,,0,0.05,1,EQ,NSE,NSE,N,Y,Y,6/15/2021 0:00
147,IOB,Indian Overseas Bank,2629918,2393089,9348,IOB,INDIAN OVERSEAS BANK,0,,0,0.05,1,EQ,NSE,NSE,N,Y,Y,6/15/2021 0:00
148,SUPREMEIND,Supreme Industries Limited,2594778,860929,3363,SUPREMEIND,SUPREME INDUSTRIES,0,,0,0.05,1,EQ,NSE,NSE,N,Y,Y,6/15/2021 0:00
149,RECLTD,REC Limited,2590105,3930881,15355,RECLTD,REC,0,,0,0.05,1,EQ,NSE,NSE,N,Y,Y,6/15/2021 0:00
150,CUMMINSIND,Cummins India Limited,2549270,486657,1901,CUMMINSIND,CUMMINS INDIA,0,,0,0.05,1,EQ,NSE,NSE,N,Y,Y,6/15/2021 0:00
151,NIACL,The New India Assurance Company Limited,2543688,102145,399,NIACL,THE NEW INDIA ASSU CO,0,,0,0.05,1,EQ,NSE,NSE,N,Y,Y,6/15/2021 0:00
152,CANBK,Canara Bank,2506336,2763265,10794,CANBK,CANARA BANK,0,,0,0.05,1,EQ,NSE,NSE,N,Y,Y,6/15/2021 0:00
153,CROMPTON,Crompton Greaves Consumer Electricals Limited,2463271,4376065,17094,CROMPTON,CROMPT GREA CON ELEC,0,,0,0.05,1,EQ,NSE,NSE,N,Y,Y,6/15/2021 0:00
154,M&MFIN,Mahindra & Mahindra Financial Services Limited,2458087,3400961,13285,M&MFIN,M&M FIN. SERVICES,0,,0,0.05,1,EQ,NSE,NSE,N,Y,Y,6/15/2021 0:00
155,NHPC,NHPC Limited,2456011,4454401,17400,NHPC,NHPC,0,,0,0.05,1,EQ,NSE,NSE,N,Y,Y,6/15/2021 0:00
156,GLAXO,GlaxoSmithKline Pharmaceuticals Limited,2440717,295169,1153,GLAXO,GLAXOSMITHKLINE PHARMA LT,0,,0,0.05,1,EQ,NSE,NSE,N,Y,Y,6/15/2021 0:00
157,IPCALAB,IPCA Laboratories Limited,2414947,418049,1633,IPCALAB,IPCA LABORATORIES,0,,0,0.05,1,EQ,NSE,NSE,N,Y,Y,6/15/2021 0:00
158,L&TFH,L&T Finance Holdings Limited,2366964,6386689,24948,L&TFH,L&T FINANCE HOLDINGS,0,,0,0.05,1,EQ,NSE,NSE,N,Y,Y,6/15/2021 0:00
159,RAMCOCEM,The Ramco Cements Limited,2364915,523009,2043,RAMCOCEM,THE RAMCO CEMENTS,0,,0,0.05,1,EQ,NSE,NSE,N,Y,Y,6/15/2021 0:00
160,INDIAMART,Indiamart Intermesh Limited,2349530,2745857,10726,INDIAMART,INDIAMART INTERMESH,0,,0,0.05,1,EQ,NSE,NSE,N,Y,Y,6/15/2021 0:00
161,TIINDIA,Tube Investments of India Limited,2300980,79873,312,TIINDIA,TUBE INVEST OF INDIA,0,,0,0.05,1,EQ,NSE,NSE,N,Y,Y,6/15/2021 0:00
162,AARTIIND,Aarti Industries Limited,2295452,1793,7,AARTIIND,AARTI INDUSTRIES,0,,0,0.05,1,EQ,NSE,NSE,N,Y,Y,6/15/2021 0:00
163,COROMANDEL,Coromandel International Limited,2272365,189185,739,COROMANDEL,COROMANDEL INTERNTL.,0,,0,0.05,1,EQ,NSE,NSE,N,Y,Y,6/15/2021 0:00
164,DEEPAKNTR,Deepak Nitrite Limited,2259351,5105409,19943,DEEPAKNTR,DEEPAK NITRITE,0,,0,0.05,1,EQ,NSE,NSE,N,Y,Y,6/15/2021 0:00
165,LALPATHLAB,Dr. Lal Path Labs Ltd.,2256187,2983425,11654,LALPATHLAB,DR. LAL PATH LABS.,0,,0,0.05,1,EQ,NSE,NSE,N,Y,Y,6/15/2021 0:00
166,JKCEMENT,JK Cement Limited,2238654,3397121,13270,JKCEMENT,JK CEMENT,0,,0,0.05,1,EQ,NSE,NSE,N,Y,Y,6/15/2021 0:00
167,BANKINDIA,Bank of India,2223392,1214721,4745,BANKINDIA,BANK OF INDIA,0,,0,0.05,1,EQ,NSE,NSE,N,Y,Y,6/15/2021 0:00
168,UNIONBANK,Union Bank of India,2181531,2752769,10753,UNIONBANK,UNION BANK OF INDIA,0,,0,0.05,1,EQ,NSE,NSE,N,Y,Y,6/15/2021 0:00
169,RELAXO,Relaxo Footwears Limited,2177347,6201601,24225,RELAXO,RELAXO FOOT.,0,,0,0.05,1,EQ,NSE,NSE,N,Y,Y,6/15/2021 0:00
170,SYNGENE,Syngene International Limited,2173800,2622209,10243,SYNGENE,SYNGENE INTERNATIONAL,0,,0,0.05,1,EQ,NSE,NSE,N,Y,Y,6/15/2021 0:00
171,LICHSGFIN,LIC Housing Finance Limited,2160967,511233,1997,LICHSGFIN,LIC HOUSING FINANCE,0,,0,0.05,1,EQ,NSE,NSE,N,Y,Y,6/15/2021 0:00
172,EMAMILTD,Emami Limited,2160337,3460353,13517,EMAMILTD,EMAMI,0,,0,0.05,1,EQ,NSE,NSE,N,Y,Y,6/15/2021 0:00
173,DIXON,Dixon Technologies (India) Limited,2150755,5552641,21690,DIXON,DIXON TECHNO (INDIA),0,,0,0.05,1,EQ,NSE,NSE,N,Y,Y,6/15/2021 0:00
174,ATUL,Atul Limited,2095666,67329,263,ATUL,ATUL,0,,0,0.05,1,EQ,NSE,NSE,N,Y,Y,6/15/2021 0:00
175,OBEROIRLTY,Oberoi Realty Limited,2091258,5181953,20242,OBEROIRLTY,OBEROI REALTY,0,,0,0.05,1,EQ,NSE,NSE,N,Y,Y,6/15/2021 0:00
176,NAM-INDIA,Nippon Life India Asset Management Limited,2081577,91393,357,NAM-INDIA,NIPPON L I A M,0,,0,0.05,1,EQ,NSE,NSE,N,Y,Y,6/15/2021 0:00
177,PFIZER,Pfizer Limited,2070039,676609,2643,PFIZER,PFIZER,0,,0,0.05,1,EQ,NSE,NSE,N,Y,Y,6/15/2021 0:00
178,POLYCAB,Polycab India Limited,2057080,2455041,9590,POLYCAB,POLYCAB INDIA,0,,0,0.05,1,EQ,NSE,NSE,N,Y,Y,6/15/2021 0:00
179,ENDURANCE,Endurance Technologies Limited,2048262,4818433,18822,ENDURANCE,ENDURANCE TECHNO..,0,,0,0.05,1,EQ,NSE,NSE,N,Y,Y,6/15/2021 0:00
180,TORNTPOWER,Torrent Power Limited,2036854,3529217,13786,TORNTPOWER,TORRENT POWER,0,,0,0.05,1,EQ,NSE,NSE,N,Y,Y,6/15/2021 0:00
181,MAXHEALTH,Max Healthcare Institute Limited,1987432,5728513,22377,MAXHEALTH,MAX HEALTHCARE INS,0,,0,0.05,1,EQ,NSE,NSE,N,Y,Y,6/15/2021 0:00
182,ZEEL,Zee Entertainment Enterprises Limited,1951745,975873,3812,ZEEL,ZEE ENTERTAINMENT ENT,0,,0,0.05,1,EQ,NSE,NSE,N,Y,Y,6/15/2021 0:00
183,LAURUSLABS,Laurus Labs Limited,1942501,4923905,19234,LAURUSLABS,LAURUS LABS,0,,0,0.05,1,EQ,NSE,NSE,N,Y,Y,6/15/2021 0:00
184,AIAENG,AIA Engineering Limited,1936114,3350017,13086,AIAENG,AIA ENGINEERING,0,,0,0.05,1,EQ,NSE,NSE,N,Y,Y,6/15/2021 0:00
185,GILLETTE,Gillette India Limited,1922544,403457,1576,GILLETTE,GILLETTE INDIA,0,,0,0.05,1,EQ,NSE,NSE,N,Y,Y,6/15/2021 0:00
186,TATACHEM,Tata Chemicals Limited,1915258,871681,3405,TATACHEM,TATA CHEMICALS,0,,0,0.05,1,EQ,NSE,NSE,N,Y,Y,6/15/2021 0:00
187,AAVAS,Aavas Financiers Limited,1900477,1378561,5385,AAVAS,AAVAS FINANCIERS,0,,0,0.05,1,EQ,NSE,NSE,N,Y,Y,6/15/2021 0:00
188,RUCHI,Ruchi Soya Industries Limited,1899299,4359425,17029,RUCHI,RUCHI SOYA INDUSTRIES,0,,0,0.05,1,EQ,NSE,NSE,N,Y,Y,6/15/2021 0:00
189,APLLTD,Alembic Pharmaceuticals Limited,1896736,6483969,25328,APLLTD,ALEMBIC PHARMA,0,,0,0.05,1,EQ,NSE,NSE,N,Y,Y,6/15/2021 0:00
190,SUNTV,Sun TV Network Limited,1853380,3431425,13404,SUNTV,SUN TV NETWORK,0,,0,0.05,1,EQ,NSE,NSE,N,Y,Y,6/15/2021 0:00
191,GODREJIND,Godrej Industries Limited,1836586,2796801,10925,GODREJIND,GODREJ INDUSTRIES,0,,0,0.05,1,EQ,NSE,NSE,N,Y,Y,6/15/2021 0:00
192,SANOFI,Sanofi India Limited,1815861,369153,1442,SANOFI,SANOFI INDIA,0,,0,0.05,1,EQ,NSE,NSE,N,Y,Y,6/15/2021 0:00
193,BATAINDIA,Bata India Limited,1807354,94977,371,BATAINDIA,BATA INDIA,0,,0,0.05,1,EQ,NSE,NSE,N,Y,Y,6/15/2021 0:00
194,COFORGE,Coforge Limited,1773365,2955009,11543,COFORGE,COFORGE,0,,0,0.05,1,EQ,NSE,NSE,N,Y,Y,6/15/2021 0:00
195,APLAPOLLO,APL Apollo Tubes Limited,1749264,6599681,25780,APLAPOLLO,APL APOLLO TUBES,0,,0,0.05,1,EQ,NSE,NSE,N,Y,Y,6/15/2021 0:00
196,ESCORTS,Escorts Limited,1736400,245249,958,ESCORTS,ESCORTS INDIA,0,,0,0.05,1,EQ,NSE,NSE,N,Y,Y,6/15/2021 0:00
197,ABFRL,Aditya Birla Fashion and Retail Limited,1705838,7707649,30108,ABFRL,ADITYA BIRLA FASHION & RT,0,,0,0.05,1,EQ,NSE,NSE,N,Y,Y,6/15/2021 0:00
198,SCHAEFFLER,Schaeffler India Limited,1701225,258817,1011,SCHAEFFLER,SCHAEFFLER INDIA,0,,0,0.05,1,EQ,NSE,NSE,N,Y,Y,6/15/2021 0:00
199,BHEL,Bharat Heavy Electricals Limited,1697506,112129,438,BHEL,BHEL,0,,0,0.05,1,EQ,NSE,NSE,N,Y,Y,6/15/2021 0:00
200,SUNDRMFAST,Sundram Fasteners Limited,1681973,856321,3345,SUNDRMFAST,SUNDRAM FASTENERS,0,,0,0.05,1,EQ,NSE,NSE,N,Y,Y,6/15/2021 0:00
201,TATAELXSI,Tata Elxsi Limited,1677042,873217,3411,TATAELXSI,TATA ELXSI,0,,0,0.05,1,EQ,NSE,NSE,N,Y,Y,6/15/2021 0:00
202,THERMAX,Thermax Limited,1600924,889601,3475,THERMAX,THERMAX,0,,0,0.05,1,EQ,NSE,NSE,N,Y,Y,6/15/2021 0:00
203,HATSUN,Hatsun Agro Product Limited,1562511,996353,3892,HATSUN,HATSUN AGRO PRODUCT.,0,,0,0.05,1,EQ,NSE,NSE,N,Y,Y,6/15/2021 0:00
204,EXIDEIND,Exide Industries Limited,1560600,173057,676,EXIDEIND,EXIDE INDUSTRIES,0,,0,0.05,1,EQ,NSE,NSE,N,Y,Y,6/15/2021 0:00
205,AJANTPHARM,Ajanta Pharma Limited,1550563,2079745,8124,AJANTPHARM,AJANTA PHARMA,0,,0,0.05,1,EQ,NSE,NSE,N,Y,Y,6/15/2021 0:00
206,GSPL,Gujarat State Petronet Limited,1542272,3378433,13197,GSPL,GUJARAT STATE PETRO,0,,0,0.05,1,EQ,NSE,NSE,N,Y,Y,6/15/2021 0:00
207,LINDEINDIA,Linde India Limited,1534690,416513,1627,LINDEINDIA,LINDE INDIA,0,,0,0.05,1,EQ,NSE,NSE,N,Y,Y,6/15/2021 0:00
208,FEDERALBNK,The Federal Bank  Limited,1513737,261889,1023,FEDERALBNK,FEDERAL BANK,0,,0,0.05,1,EQ,NSE,NSE,N,Y,Y,6/15/2021 0:00
209,NATCOPHARM,Natco Pharma Limited,1505290,1003009,3918,NATCOPHARM,NATCO PHARMA.,0,,0,0.05,1,EQ,NSE,NSE,N,Y,Y,6/15/2021 0:00
210,FORTIS,Fortis Healthcare Limited,1503499,3735553,14592,FORTIS,FORTIS HEALTHCARE,0,,0,0.05,1,EQ,NSE,NSE,N,Y,Y,6/15/2021 0:00
211,KAJARIACER,Kajaria Ceramics Limited,1474522,462849,1808,KAJARIACER,KAJARIA CERAMICS,0,,0,0.05,1,EQ,NSE,NSE,N,Y,Y,6/15/2021 0:00
212,MINDAIND,Minda Industries Limited,1474126,3623425,14154,MINDAIND,MINDA INDUSTRIES.,0,,0,0.05,1,EQ,NSE,NSE,N,Y,Y,6/15/2021 0:00
213,PERSISTENT,Persistent Systems Limited,1468927,4701441,18365,PERSISTENT,PERSISTENT SYSTEMS,0,,0,0.05,1,EQ,NSE,NSE,N,Y,Y,6/15/2021 0:00
214,GMRINFRA,GMR Infrastructure Limited,1466735,3463169,13528,GMRINFRA,GMR INFRASTRUCTURE.,0,,0,0.05,1,EQ,NSE,NSE,N,Y,Y,6/15/2021 0:00
215,AMARAJABAT,Amara Raja Batteries Limited,1458397,25601,100,AMARAJABAT,AMARA RAJA BATTERIES.,0,,0,0.05,1,EQ,NSE,NSE,N,Y,Y,6/15/2021 0:00
216,SUMICHEM,Sumitomo Chemical India Limited,1451017,4378881,17105,SUMICHEM,SUMITOMO CHEM INDIA,0,,0,0.05,1,EQ,NSE,NSE,N,Y,Y,6/15/2021 0:00
217,JSWENERGY,JSW Energy Limited,1443188,4574465,17869,JSWENERGY,JSW ENERGY,0,,0,0.05,1,EQ,NSE,NSE,N,Y,Y,6/15/2021 0:00
218,VINATIORGA,Vinati Organics Limited,1438897,4445185,17364,VINATIORGA,VINATI ORGANICS,0,,0,0.05,1,EQ,NSE,NSE,N,Y,Y,6/15/2021 0:00
219,APOLLOTYRE,Apollo Tyres Limited,1420721,41729,163,APOLLOTYRE,APOLLO TYRES,0,,0,0.05,1,EQ,NSE,NSE,N,Y,Y,6/15/2021 0:00
220,RAJESHEXPO,Rajesh Exports Limited,1413705,1894657,7401,RAJESHEXPO,RAJESH EXPORTS,0,,0,0.05,1,EQ,NSE,NSE,N,Y,Y,6/15/2021 0:00
221,AFFLE,Affle (India) Limited,1391541,2903809,11343,AFFLE,AFFLE (INDIA),0,,0,0.05,1,EQ,NSE,NSE,N,Y,Y,6/8/2021 0:00
222,MAHABANK,Bank of Maharashtra,1364513,2912513,11377,MAHABANK,BANK OF MAHARASHTRA,0,,0,0.05,1,EQ,NSE,NSE,N,Y,Y,6/15/2021 0:00
223,NAVINFLUOR,Navin Fluorine International Limited,1363310,3756033,14672,NAVINFLUOR,NAVIN FLUORINE INT.,0,,0,0.05,1,EQ,NSE,NSE,N,Y,Y,6/15/2021 0:00
224,PHOENIXLTD,The Phoenix Mills Limited,1341642,3725313,14552,PHOENIXLTD,THE PHOENIX MILLS,0,,0,0.05,1,EQ,NSE,NSE,N,Y,Y,6/15/2021 0:00
225,CRISIL,CRISIL Limited,1336611,193793,757,CRISIL,CRISIL,0,,0,0.05,1,EQ,NSE,NSE,N,Y,Y,6/15/2021 0:00
226,OIL,Oil India Limited,1331650,4464129,17438,OIL,OIL INDIA,0,,0,0.05,1,EQ,NSE,NSE,N,Y,Y,6/15/2021 0:00
227,BLUEDART,Blue Dart Express Limited,1322678,126721,495,BLUEDART,BLUE DART EXPRESS,0,,0,0.05,1,EQ,NSE,NSE,N,Y,Y,6/15/2021 0:00
228,INDHOTEL,The Indian Hotels Company Limited,1315932,387073,1512,INDHOTEL,THE INDIAN HOTELS CO.,0,,0,0.05,1,EQ,NSE,NSE,N,Y,Y,6/15/2021 0:00
229,GLENMARK,Glenmark Pharmaceuticals Limited,1311235,1895937,7406,GLENMARK,GLENMARK PHARMACEUTICALS,0,,0,0.05,1,EQ,NSE,NSE,N,Y,Y,6/15/2021 0:00
230,INDIANB,Indian Bank,1311195,3663105,14309,INDIANB,INDIAN BANK,0,,0,0.05,1,EQ,NSE,NSE,N,Y,Y,6/15/2021 0:00
231,SUVENPHAR,Suven Pharmaceuticals Limited,1264679,4593921,17945,SUVENPHAR,SUVEN PHARMACEUTICALS,0,,0,0.05,1,EQ,NSE,NSE,N,Y,Y,6/15/2021 0:00
232,MANAPPURAM,Manappuram Finance Limited,1262776,4879617,19061,MANAPPURAM,MANAPPURAM FINANCE,0,,0,0.05,1,EQ,NSE,NSE,N,Y,Y,6/15/2021 0:00
233,ZYDUSWELL,Zydus Wellness Limited,1254540,4514561,17635,ZYDUSWELL,ZYDUS WELLNESS,0,,0,0.05,1,EQ,NSE,NSE,N,Y,Y,6/15/2021 0:00
234,VAIBHAVGBL,Vaibhav Global Limited,1250083,2909185,11364,VAIBHAVGBL,VAIBHAV GLOBAL,0,,0,0.05,1,EQ,NSE,NSE,N,Y,Y,6/15/2021 0:00
235,WABCOINDIA,WABCO India Limited,1249973,4330241,16915,WABCOINDIA,WABCO INDIA,0,,0,0.05,1,EQ,NSE,NSE,N,Y,Y,6/15/2021 0:00
236,RBLBANK,RBL Bank Limited,1241167,4708097,18391,RBLBANK,RBL BANK,0,,0,0.05,1,EQ,NSE,NSE,N,Y,Y,6/15/2021 0:00
237,CASTROLIND,Castrol India Limited,1239370,320001,1250,CASTROLIND,CASTROL INDIA,0,,0,0.05,1,EQ,NSE,NSE,N,Y,Y,6/15/2021 0:00
238,ISEC,ICICI Securities Limited,1233467,637185,2489,ISEC,ICICI SECURITIES,0,,0,0.05,1,EQ,NSE,NSE,N,Y,Y,6/15/2021 0:00
239,PRESTIGE,Prestige Estates Projects Limited,1225033,5197313,20302,PRESTIGE,PRESTIGE ESTATE,0,,0,0.05,1,EQ,NSE,NSE,N,Y,Y,6/15/2021 0:00
240,ALKYLAMINE,Alkyl Amines Chemicals Limited,1162851,1148673,4487,ALKYLAMINE,ALKYL AMINES CHEM.,0,,0,0.05,1,EQ,NSE,NSE,N,Y,Y,6/15/2021 0:00
241,SOLARINDS,Solar Industries India Limited,1160671,3412993,13332,SOLARINDS,SOLAR INDUSTRIES (I),0,,0,0.05,1,EQ,NSE,NSE,N,Y,Y,6/15/2021 0:00
242,MGL,Mahanagar Gas Limited,1154663,4488705,17534,MGL,MAHANAGAR GAS.,0,,0,0.05,1,EQ,NSE,NSE,N,Y,Y,6/15/2021 0:00
243,CUB,City Union Bank Limited,1152193,1459457,5701,CUB,CITY UNION BANK,0,,0,0.05,1,EQ,NSE,NSE,N,Y,Y,6/15/2021 0:00
244,METROPOLIS,Metropolis Healthcare Limited,1145630,2452737,9581,METROPOLIS,METROPOLIS HEALTHCARE,0,,0,0.05,1,EQ,NSE,NSE,N,Y,Y,6/15/2021 0:00
245,INDIGOPNTS,Indigo Paints Limited,1139682,524289,2048,INDIGOPNTS,INDIGO PAINTS,0,,0,0.05,1,EQ,NSE,NSE,N,Y,Y,6/15/2021 0:00
246,CHOLAHLDNG,Cholamandalam Financial Holdings Limited,1124836,5565441,21740,CHOLAHLDNG,CHOLAMANDALAM FIN HOL,0,,0,0.05,1,EQ,NSE,NSE,N,Y,Y,6/15/2021 0:00
247,BAJAJELEC,Bajaj Electricals Limited,1118565,3848705,15034,BAJAJELEC,BAJAJ ELECT.LTD,0,,0,0.05,1,EQ,NSE,NSE,N,Y,Y,6/15/2021 0:00
248,AMBER,Amber Enterprises India Limited,1117234,303361,1185,AMBER,AMBER ENTERPRISES (I),0,,0,0.05,1,EQ,NSE,NSE,N,Y,Y,6/15/2021 0:00
249,SKFINDIA,SKF India Limited,1112058,815617,3186,SKFINDIA,SKF INDIA,0,,0,0.05,1,EQ,NSE,NSE,N,Y,Y,6/15/2021 0:00
250,TANLA,Tanla Platforms Limited,1106793,3577857,13976,TANLA,TANLA PLATFORMS,0,,0,0.05,1,EQ,NSE,NSE,N,Y,Y,6/8/2021 0:00
251,HINDCOPPER,Hindustan Copper Limited,1106561,4592385,17939,HINDCOPPER,HINDUSTAN COPPER,0,,0,0.05,1,EQ,NSE,NSE,N,Y,Y,6/15/2021 0:00
252,UCOBANK,UCO Bank,1091017,2873089,11223,UCOBANK,UCO BANK,0,,0,0.05,1,EQ,NSE,NSE,N,Y,Y,6/15/2021 0:00
253,IIFLWAM,Iifl Wealth Management Limited,1089219,3343617,13061,IIFLWAM,IIFL WEALTH MGMT,0,,0,0.05,1,EQ,NSE,NSE,N,Y,Y,6/15/2021 0:00
254,JUBLPHARMA,Jubilant Pharmova Limited,1084864,931073,3637,JUBLPHARMA,JUBILANT PHARMOVA,0,,0,0.05,1,EQ,NSE,NSE,N,Y,Y,6/15/2021 0:00
255,VGUARD,V-Guard Industries Limited,1083812,3932673,15362,VGUARD,V-GUARD IND.,0,,0,0.05,1,EQ,NSE,NSE,N,Y,Y,6/15/2021 0:00
256,ITI,ITI Limited,1073085,428801,1675,ITI,ITI,0,,0,0.05,1,EQ,NSE,NSE,N,Y,Y,6/15/2021 0:00
257,IIFL,IIFL Finance Limited,1067762,3023105,11809,IIFL,IIFL FINANCE,0,,0,0.05,1,EQ,NSE,NSE,N,Y,Y,6/8/2021 0:00
258,KEC,KEC International Limited,1056248,3394561,13260,KEC,KEC INTL.,0,,0,0.05,1,EQ,NSE,NSE,N,Y,Y,6/15/2021 0:00
259,GRINDWELL,Grindwell Norton Limited,1054276,3471361,13560,GRINDWELL,GRINDWELL NORTON,0,,0,0.05,1,EQ,NSE,NSE,N,Y,Y,6/15/2021 0:00
260,AEGISCHEM,Aegis Logistics Limited,1048262,10241,40,AEGISCHEM,AEGIS LOGISTICS,0,,0,0.05,1,EQ,NSE,NSE,N,Y,Y,6/15/2021 0:00
261,AKZOINDIA,Akzo Nobel India Limited,1045628,375553,1467,AKZOINDIA,AKZO NOBEL INDIA,0,,0,0.05,1,EQ,NSE,NSE,N,Y,Y,6/15/2021 0:00
262,CREDITACC,CREDITACCESS GRAMEEN LIMITED,1043369,1131777,4421,CREDITACC,CREDITACCESS GRAMEEN,0,,0,0.05,1,EQ,NSE,NSE,N,Y,Y,6/15/2021 0:00
263,QUESS,Quess Corp Limited,1031980,4532225,17704,QUESS,QUESS CORP,0,,0,0.05,1,EQ,NSE,NSE,N,Y,Y,6/15/2021 0:00
264,PGHL,Procter & Gamble Health Limited,1029519,240641,940,PGHL,PROCTER & GAMBLE HEALTH L,0,,0,0.05,1,EQ,NSE,NSE,N,Y,Y,6/15/2021 0:00
265,SJVN,SJVN Limited,1023712,4834049,18883,SJVN,SJVN,0,,0,0.05,1,EQ,NSE,NSE,N,Y,Y,6/15/2021 0:00
266,NATIONALUM,National Aluminium Company Limited,1008366,1629185,6364,NATIONALUM,NATIONAL ALUMINIUM CO,0,,0,0.05,1,EQ,NSE,NSE,N,Y,Y,6/15/2021 0:00
267,GODREJAGRO,Godrej Agrovet Limited,1006073,36865,144,GODREJAGRO,GODREJ AGROVET,0,,0,0.05,1,EQ,NSE,NSE,N,Y,Y,6/15/2021 0:00
268,TTKPRESTIG,TTK Prestige Limited,1004938,907777,3546,TTKPRESTIG,TTK PRESTIGE,0,,0,0.05,1,EQ,NSE,NSE,N,Y,Y,6/15/2021 0:00
269,ALOKINDS,Alok Industries Limited,1000496,4524801,17675,ALOKINDS,ALOK INDUSTRIES,0,,0,0.05,1,EQ,NSE,NSE,N,Y,Y,6/15/2021 0:00
270,GRAPHITE,Graphite India Limited,1000323,151553,592,GRAPHITE,GRAPHITE INDIA,0,,0,0.05,1,EQ,NSE,NSE,N,Y,Y,6/15/2021 0:00
271,IEX,Indian Energy Exchange Limited,996924,56321,220,IEX,INDIAN ENERGY EXC,0,,0,0.05,1,EQ,NSE,NSE,N,Y,Y,6/15/2021 0:00
272,INTELLECT,Intellect Design Arena Limited,983332,1517057,5926,INTELLECT,INTELLECT DESIGN ARENA,0,,0,0.05,1,EQ,NSE,NSE,N,Y,Y,6/15/2021 0:00
273,ORCHPHARMA,Orchid Pharma Limited,982675,237057,926,ORCHPHARMA,ORCHID PHARMA,0,,0,0.05,1,EQ,NSE,NSE,N,Y,Y,6/15/2021 0:00
274,TIMKEN,Timken India Limited,975211,3634689,14198,TIMKEN,TIMKEN INDIA.,0,,0,0.05,1,EQ,NSE,NSE,N,Y,Y,6/15/2021 0:00
275,JBCHEPHARM,JB Chemicals & Pharmaceuticals Limited,970238,441857,1726,JBCHEPHARM,J B CHEMICALS AND PHARMA,0,,0,0.05,1,EQ,NSE,NSE,N,Y,Y,6/15/2021 0:00
276,CARBORUNIV,Carborundum Universal Limited,965580,152321,595,CARBORUNIV,CARBORUNDUM UNIVERSAL,0,,0,0.05,1,EQ,NSE,NSE,N,Y,Y,6/15/2021 0:00
277,SFL,Sheela Foam Limited,964461,4911105,19184,SFL,SHEELA FOAM,0,,0,0.05,1,EQ,NSE,NSE,N,Y,Y,6/15/2021 0:00
278,CENTRALBK,Central Bank of India,957717,3812865,14894,CENTRALBK,CENTRAL BANK OF INDIA,0,,0,0.05,1,EQ,NSE,NSE,N,Y,Y,6/15/2021 0:00
279,CHAMBLFERT,Chambal Fertilizers & Chemicals Limited,953324,163073,637,CHAMBLFERT,CHAMBAL FERTILIZERS,0,,0,0.05,1,EQ,NSE,NSE,N,Y,Y,6/15/2021 0:00
280,MOTILALOFS,Motilal Oswal Financial Services Limited,915929,3826433,14947,MOTILALOFS,MOTILAL OSWAL FIN,0,,0,0.05,1,EQ,NSE,NSE,N,Y,Y,6/15/2021 0:00
281,IBULHSGFIN,Indiabulls Housing Finance Limited,908516,7712001,30125,IBULHSGFIN,INDIABULLS HSG FIN,0,,0,0.05,1,EQ,NSE,NSE,N,Y,Y,6/15/2021 0:00
282,GALAXYSURF,Galaxy Surfactants Limited,902944,336641,1315,GALAXYSURF,GALAXY SURFACTANTS,0,,0,0.05,1,EQ,NSE,NSE,N,Y,Y,6/15/2021 0:00
283,SHRIRAMCIT,Shriram City Union Finance Limited,900167,3005185,11739,SHRIRAMCIT,SHRIRAM CITYUNI FIN.LTD.,0,,0,0.05,1,EQ,NSE,NSE,N,Y,Y,6/15/2021 0:00
284,BLUESTARCO,Blue Star Limited,899764,2127617,8311,BLUESTARCO,BLUE STAR,0,,0,0.05,1,EQ,NSE,NSE,N,Y,Y,6/15/2021 0:00
285,BASF,BASF India Limited,895905,94209,368,BASF,BASF INDIA,0,,0,0.05,1,EQ,NSE,NSE,N,Y,Y,6/15/2021 0:00
286,CGPOWER,CG Power and Industrial Solutions Limited,895121,194561,760,CGPOWER,CG POWER AND IND SOL,0,,0,0.05,1,EQ,NSE,NSE,N,Y,Y,6/8/2021 0:00
287,RATNAMANI,Ratnamani Metals & Tubes Limited,888673,3443457,13451,RATNAMANI,RATNAMANI MET & TUB.,0,,0,0.05,1,EQ,NSE,NSE,N,Y,Y,6/15/2021 0:00
288,DHANI,Dhani Services Limited,886080,3938305,15384,DHANI,DHANI SERVICES,0,,0,0.05,1,EQ,NSE,NSE,N,Y,Y,6/15/2021 0:00
289,SYMPHONY,Symphony Limited,884921,6192641,24190,SYMPHONY,SYMPHONY,0,,0,0.05,1,EQ,NSE,NSE,N,Y,Y,6/15/2021 0:00
290,HUDCO,Housing & Urban Development Corporation Limited,877833,5331201,20825,HUDCO,HSG & URBAN DEV CORPN,0,,0,0.05,1,EQ,NSE,NSE,N,Y,Y,6/15/2021 0:00
291,KIOCL,KIOCL Limited,871515,4896257,19126,KIOCL,KIOCL,0,,0,0.05,1,EQ,NSE,NSE,N,Y,Y,6/15/2021 0:00
292,NBCC,NBCC (India) Limited,842400,8042241,31415,NBCC,NBCC (INDIA),0,,0,0.05,1,EQ,NSE,NSE,N,Y,Y,6/15/2021 0:00
293,NH,Narayana Hrudayalaya Ltd.,829398,3031041,11840,NH,NARAYANA HRUDAYALAYA.,0,,0,0.05,1,EQ,NSE,NSE,N,Y,Y,6/15/2021 0:00
294,ERIS,Eris Lifesciences Limited,821473,5415425,21154,ERIS,ERIS LIFESCIENCES,0,,0,0.05,1,EQ,NSE,NSE,N,Y,Y,6/15/2021 0:00
295,CANFINHOME,Can Fin Homes Limited,817233,149249,583,CANFINHOME,CAN FIN HOMES,0,,0,0.05,1,EQ,NSE,NSE,N,Y,Y,6/15/2021 0:00
296,ROUTE,ROUTE MOBILE LIMITED,813646,32769,128,ROUTE,ROUTE MOBILE,0,,0,0.05,1,EQ,NSE,NSE,N,Y,Y,6/15/2021 0:00
297,WELSPUNIND,Welspun India Limited,812320,2880769,11253,WELSPUNIND,WELSPUN INDIA,0,,0,0.05,1,EQ,NSE,NSE,N,Y,Y,6/15/2021 0:00
298,JMFINANCIL,JM Financial Limited,805247,3491073,13637,JMFINANCIL,JM FINANCIAL,0,,0,0.05,1,EQ,NSE,NSE,N,Y,Y,6/15/2021 0:00
299,DBL,Dilip Buildcon Limited,793265,4630017,18086,DBL,DILIP BUILDCON,0,,0,0.05,1,EQ,NSE,NSE,N,Y,Y,6/15/2021 0:00
300,HAPPSTMNDS,Happiest Minds Technologies Limited,793137,12289,48,HAPPSTMNDS,HAPPIEST MINDS TECHNO,0,,0,0.05,1,EQ,NSE,NSE,N,Y,Y,6/15/2021 0:00
301,FSL,Firstsource Solutions Limited,792747,3661825,14304,FSL,FIRSTSOURCE SOLU..,0,,0,0.05,1,EQ,NSE,NSE,N,Y,Y,6/15/2021 0:00
302,FINPIPE,Finolex Industries Limited,789247,266497,1041,FINPIPE,FINOLEX INDUSTRIES,0,,0,0.05,1,EQ,NSE,NSE,N,Y,Y,6/15/2021 0:00
303,POLYMED,Poly Medicure Limited,788474,6583809,25718,POLYMED,POLY MEDICURE,0,,0,0.05,1,EQ,NSE,NSE,N,Y,Y,6/15/2021 0:00
304,CESC,CESC Limited,786792,160769,628,CESC,CESC,0,,0,0.05,1,EQ,NSE,NSE,N,Y,Y,6/15/2021 0:00
305,DCMSHRIRAM,DCM Shriram Limited,781505,207617,811,DCMSHRIRAM,DCM SHRIRAM,0,,0,0.05,1,EQ,NSE,NSE,N,Y,Y,6/15/2021 0:00
306,BBTC,Bombay Burmah Trading Corporation Limited,774747,97281,380,BBTC,BOMBAY BURMAH TRADING COR,0,,0,0.05,1,EQ,NSE,NSE,N,Y,Y,6/15/2021 0:00
307,STLTECH,Sterlite Technologies Limited,770252,2383105,9309,STLTECH,STERLITE TECHNOLOGIES,0,,0,0.05,1,EQ,NSE,NSE,N,Y,Y,6/15/2021 0:00
308,STAR,Strides Pharma Science Limited,757366,1887745,7374,STAR,STRIDES PHARMA SCI,0,,0,0.05,1,EQ,NSE,NSE,N,Y,Y,6/15/2021 0:00
309,IDFC,IDFC Limited,755876,3060993,11957,IDFC,IDFC,0,,0,0.05,1,EQ,NSE,NSE,N,Y,Y,6/15/2021 0:00
310,ASAHIINDIA,Asahi India Glass Limited,752971,1376769,5378,ASAHIINDIA,ASAHI INDIA GLASS,0,,0,0.05,1,EQ,NSE,NSE,N,Y,Y,6/15/2021 0:00
311,ASTRAZEN,AstraZeneca Pharma India Limited,752325,1436161,5610,ASTRAZEN,ASTRAZENECA PHARMA IND LT,0,,0,0.05,1,EQ,NSE,NSE,N,Y,Y,6/15/2021 0:00
312,GRANULES,Granules India Limited,751569,3039233,11872,GRANULES,GRANULES INDIA,0,,0,0.05,1,EQ,NSE,NSE,N,Y,Y,6/15/2021 0:00
313,RADICO,Radico Khaitan Limited,748049,2813441,10990,RADICO,RADICO KHAITAN,0,,0,0.05,1,EQ,NSE,NSE,N,Y,Y,6/15/2021 0:00
314,VTL,Vardhman Textiles Limited,746421,530689,2073,VTL,VARDHMAN TEXTILES,0,,0,0.05,1,EQ,NSE,NSE,N,Y,Y,6/15/2021 0:00
315,EPL,EPL Limited,745501,251137,981,EPL,EPL,0,,0,0.05,1,EQ,NSE,NSE,N,Y,Y,6/15/2021 0:00
316,PVR,PVR Limited,745016,3365633,13147,PVR,PVR,0,,0,0.05,1,EQ,NSE,NSE,N,Y,Y,6/15/2021 0:00
317,REDINGTON,Redington (India) Limited,742574,3649281,14255,REDINGTON,REDINGTON (INDIA).,0,,0,0.05,1,EQ,NSE,NSE,N,Y,Y,6/15/2021 0:00
318,UTIAMC,UTI Asset Management Company Limited,739170,134913,527,UTIAMC,UTI ASSET MNGMT CO,0,,0,0.05,1,EQ,NSE,NSE,N,Y,Y,6/15/2021 0:00
319,KPRMILL,K.P.R. Mill Limited,733824,3817473,14912,KPRMILL,KPR MILL.,0,,0,0.05,1,EQ,NSE,NSE,N,Y,Y,6/15/2021 0:00
320,BIRLACORPN,Birla Corporation Limited,731435,122881,480,BIRLACORPN,BIRLA CORPORATION,0,,0,0.05,1,EQ,NSE,NSE,N,Y,Y,6/15/2021 0:00
321,LAXMIMACH,Lakshmi Machine Works Limited,725515,506625,1979,LAXMIMACH,LAKSHMI MACHINES,0,,0,0.05,1,EQ,NSE,NSE,N,Y,Y,6/15/2021 0:00
322,JCHAC,Johnson Controls - Hitachi Air Conditioning India Limited,721265,1149697,4491,JCHAC,JOHNSON CONTROLS HITACHI,0,,0,0.05,1,EQ,NSE,NSE,N,Y,Y,6/15/2021 0:00
323,TRIDENT,Trident Limited,715982,2479361,9685,TRIDENT,TRIDENT,0,,0,0.05,1,EQ,NSE,NSE,N,Y,Y,6/15/2021 0:00
324,CYIENT,Cyient Limited,712388,1471489,5748,CYIENT,CYIENT,0,,0,0.05,1,EQ,NSE,NSE,N,Y,Y,6/15/2021 0:00
325,CENTURYPLY,Century Plyboards (India) Limited,707066,3406081,13305,CENTURYPLY,CENTURY PLYBOARDS (I),0,,0,0.05,1,EQ,NSE,NSE,N,Y,Y,6/15/2021 0:00
326,BSOFT,BIRLASOFT LIMITED,701672,1790465,6994,BSOFT,BIRLASOFT,0,,0,0.05,1,EQ,NSE,NSE,N,Y,Y,6/15/2021 0:00
327,KALYANKJIL,Kalyan Jewellers India Limited,701466,756481,2955,KALYANKJIL,KALYAN JEWELLERS IND,0,,0,0.05,1,EQ,NSE,NSE,N,Y,Y,6/15/2021 0:00
328,FINEORG,Fine Organic Industries Limited,700228,958465,3744,FINEORG,FINE ORGANIC IND..,0,,0,0.05,1,EQ,NSE,NSE,N,Y,Y,6/15/2021 0:00
329,NLCINDIA,NLC India Limited,698865,2197761,8585,NLCINDIA,NLC INDIA,0,,0,0.05,1,EQ,NSE,NSE,N,Y,Y,6/15/2021 0:00
330,ASTERDM,Aster DM Healthcare Limited,686581,386049,1508,ASTERDM,ASTER DM HEALTHCARE.,0,,0,0.05,1,EQ,NSE,NSE,N,Y,Y,6/15/2021 0:00
331,EQUITASBNK,Equitas Small Finance Bank Limited,686282,233729,913,EQUITASBNK,EQUITAS SMALL FIN BNK,0,,0,0.05,1,EQ,NSE,NSE,N,Y,Y,6/15/2021 0:00
332,CDSL,Central Depository Services (India) Limited,685572,5420545,21174,CDSL,CENTRAL DEPO SER (I),0,,0,0.05,1,EQ,NSE,NSE,N,Y,Y,6/15/2021 0:00
333,MRPL,Mangalore Refinery and Petrochemicals Limited,680885,584449,2283,MRPL,MRPL,0,,0,0.05,1,EQ,NSE,NSE,N,Y,Y,6/15/2021 0:00
334,CGCL,Capri Global Capital Limited,665296,5204225,20329,CGCL,CAPRI GLOBAL CAPITAL,0,,0,0.05,1,EQ,NSE,NSE,N,Y,Y,6/15/2021 0:00
335,PNCINFRA,PNC Infratech Limited,661615,2402561,9385,PNCINFRA,PNC INFRATECH.,0,,0,0.05,1,EQ,NSE,NSE,N,Y,Y,6/15/2021 0:00
336,ORIENTELEC,Orient Electric Limited,660852,760833,2972,ORIENTELEC,ORIENT ELECTRIC,0,,0,0.05,1,EQ,NSE,NSE,N,Y,Y,6/15/2021 0:00
337,PRSMJOHNSN,Prism Johnson Limited,659649,701185,2739,PRSMJOHNSN,PRISM JOHNSON,0,,0,0.05,1,EQ,NSE,NSE,N,Y,Y,6/15/2021 0:00
338,AARTIDRUGS,Aarti Drugs Limited,647088,1147137,4481,AARTIDRUGS,AARTI DRUGS.,0,,0,0.05,1,EQ,NSE,NSE,N,Y,Y,6/15/2021 0:00
339,TEAMLEASE,Teamlease Services Limited,644830,3255297,12716,TEAMLEASE,TEAMLEASE SERVICES.,0,,0,0.05,1,EQ,NSE,NSE,N,Y,Y,6/15/2021 0:00
340,MMTC,MMTC Limited,635250,4596993,17957,MMTC,MMTC,0,,0,0.05,1,EQ,NSE,NSE,N,Y,Y,6/15/2021 0:00
341,FLUOROCHEM,Gujarat Fluorochemicals Limited,631802,3520001,13750,FLUOROCHEM,GUJARAT FLUOROCHEM,0,,0,0.05,1,EQ,NSE,NSE,N,Y,Y,6/15/2021 0:00
342,INFIBEAM,Infibeam Avenues Limited,631585,4159745,16249,INFIBEAM,INFIBEAM AVENUES,0,,0,0.05,1,EQ,NSE,NSE,N,Y,Y,6/15/2021 0:00
343,PNBHOUSING,PNB Housing Finance Limited,630837,4840449,18908,PNBHOUSING,PNB HOUSING FIN.,0,,0,0.05,1,EQ,NSE,NSE,N,Y,Y,6/9/2021 0:00
344,CEATLTD,CEAT Limited,629626,3905025,15254,CEATLTD,CEAT,0,,0,0.05,1,EQ,NSE,NSE,N,Y,Y,6/15/2021 0:00
345,GMMPFAUDLR,GMM Pfaudler Limited,629459,401921,1570,GMMPFAUDLR,GMM PFAUDLER,0,,0,0.05,1,EQ,NSE,NSE,N,Y,Y,6/15/2021 0:00
346,SUNCLAYLTD,Sundaram Clayton Limited,623411,7426049,29008,SUNCLAYLTD,SUNDARAM CLAYTON,0,,0,0.05,1,EQ,NSE,NSE,N,Y,Y,6/15/2021 0:00
347,ZENSARTECH,Zensar Technologies Limited,617876,275457,1076,ZENSARTECH,ZENSAR TECHNOLOGIES ,0,,0,0.05,1,EQ,NSE,NSE,N,Y,Y,6/15/2021 0:00
348,MAHINDCIE,Mahindra CIE Automotive Limited,611189,3823873,14937,MAHINDCIE,MAHINDRA CIE AUTO,0,,0,0.05,1,EQ,NSE,NSE,N,Y,Y,6/15/2021 0:00
349,BDL,Bharat Dynamics Limited,609502,548865,2144,BDL,BHARAT DYNAMICS,0,,0,0.05,1,EQ,NSE,NSE,N,Y,Y,6/15/2021 0:00
350,RVNL,Rail Vikas Nigam Limited,606741,2445313,9552,RVNL,RAIL VIKAS NIGAM,0,,0,0.05,1,EQ,NSE,NSE,N,Y,Y,6/15/2021 0:00
351,ELGIEQUIP,Elgi Equipments Limited,604504,239873,937,ELGIEQUIP,ELGI EQUIPMENTS,0,,0,0.05,1,EQ,NSE,NSE,N,Y,Y,6/15/2021 0:00
352,KNRCON,KNR Constructions Limited,600155,3912449,15283,KNRCON,KNR CONSTRU.,0,,0,0.05,1,EQ,NSE,NSE,N,Y,Y,6/15/2021 0:00
353,SEQUENT,Sequent Scientific Limited,598326,3659777,14296,SEQUENT,SEQUENT SCIENTIFIC.,0,,0,0.05,1,EQ,NSE,NSE,N,Y,Y,6/15/2021 0:00
354,VAKRANGEE,Vakrangee Limited,593797,3415553,13342,VAKRANGEE,VAKRANGEE,0,,0,0.05,1,EQ,NSE,NSE,N,Y,Y,6/15/2021 0:00
355,EDELWEISS,Edelweiss Financial Services Limited,592360,3870465,15119,EDELWEISS,EDELWEISS FIN SERV,0,,0,0.05,1,EQ,NSE,NSE,N,Y,Y,6/15/2021 0:00
356,BRIGADE,Brigade Enterprises Limited,586024,3887105,15184,BRIGADE,BRIGADE ENTER.,0,,0,0.05,1,EQ,NSE,NSE,N,Y,Y,6/15/2021 0:00
357,FINCABLES,Finolex Cables Limited,582622,265729,1038,FINCABLES,FINOLEX CABLES,0,,0,0.05,1,EQ,NSE,NSE,N,Y,Y,6/15/2021 0:00
358,EIHOTEL,EIH Limited,581276,235265,919,EIHOTEL,EIH,0,,0,0.05,1,EQ,NSE,NSE,N,Y,Y,6/15/2021 0:00
359,POWERINDIA,ABB Power Products and Systems India Limited,579336,4724993,18457,POWERINDIA,ABB POWER PRO N SYS IND L,0,,0,0.05,1,EQ,NSE,NSE,N,Y,Y,6/15/2021 0:00
360,RITES,RITES Limited,578647,962817,3761,RITES,RITES,0,,0,0.05,1,EQ,NSE,NSE,N,Y,Y,6/15/2021 0:00
361,SIS,SIS LIMITED,577514,5504257,21501,SIS,SIS,0,,0,0.05,1,EQ,NSE,NSE,N,Y,Y,6/15/2021 0:00
362,TATASTLBSL,Tata Steel Bsl Limited,570229,114433,447,TATASTLBSL,TATA STEEL BSL,0,,0,0.05,1,EQ,NSE,NSE,N,Y,Y,6/15/2021 0:00
363,BALAMINES,Balaji Amines Limited,570031,3712257,14501,BALAMINES,BALAJI AMINES,0,,0,0.05,1,EQ,NSE,NSE,N,Y,Y,6/15/2021 0:00
364,HEG,HEG Limited,565058,342017,1336,HEG,HEG,0,,0,0.05,1,EQ,NSE,NSE,N,Y,Y,6/15/2021 0:00
365,AVANTIFEED,Avanti Feeds Limited,564670,2031617,7936,AVANTIFEED,AVANTI FEEDS,0,,0,0.05,1,EQ,NSE,NSE,N,Y,Y,6/15/2021 0:00
366,EIDPARRY,EID Parry India Limited,563803,234497,916,EIDPARRY,EID PARRY INDIA,0,,0,0.05,1,EQ,NSE,NSE,N,Y,Y,6/15/2021 0:00
367,KALPATPOWR,Kalpataru Power Transmission Limited,561388,464385,1814,KALPATPOWR,KALPATARU POWER TRANS. LT,0,,0,0.05,1,EQ,NSE,NSE,N,Y,Y,6/15/2021 0:00
368,VMART,V-Mart Retail Limited,548915,7496705,29284,VMART,VMART RETAIL,0,,0,0.05,1,EQ,NSE,NSE,N,Y,Y,6/15/2021 0:00
369,ROSSARI,Rossari Biotech Limited,537755,4968961,19410,ROSSARI,ROSSARI BIOTECH,0,,0,0.05,1,EQ,NSE,NSE,N,Y,Y,6/15/2021 0:00
370,SONATSOFTW,Sonata Software Limited,535471,1688577,6596,SONATSOFTW,SONATA SOFTWARE,0,,0,0.05,1,EQ,NSE,NSE,N,Y,Y,6/15/2021 0:00
371,JUSTDIAL,Just Dial Limited,533924,7670273,29962,JUSTDIAL,JUSTDIAL.,0,,0,0.05,1,EQ,NSE,NSE,N,Y,Y,6/15/2021 0:00
372,HEIDELBERG,HeidelbergCement India Limited,529368,592897,2316,HEIDELBERG,HEIDELBERGCEMENT (I),0,,0,0.05,1,EQ,NSE,NSE,N,Y,Y,6/15/2021 0:00
373,GARFIBRES,Garware Technical Fibres Limited,529299,281601,1100,GARFIBRES,GARWARE TECH FIBRES,0,,0,0.05,1,EQ,NSE,NSE,N,Y,Y,6/15/2021 0:00
374,UJJIVANSFB,Ujjivan Small Finance Bank Limited,527134,3898369,15228,UJJIVANSFB,UJJIVAN SMALL FINANC BANK,0,,0,0.05,1,EQ,NSE,NSE,N,Y,Y,6/15/2021 0:00
375,TATAINVEST,Tata Investment Corporation Limited,523914,414977,1621,TATAINVEST,TATA INVESTMENT CORP,0,,0,0.05,1,EQ,NSE,NSE,N,Y,Y,6/15/2021 0:00
376,VSTIND,VST Industries Limited,523342,953345,3724,VSTIND,VST INDUSTRIES,0,,0,0.05,1,EQ,NSE,NSE,N,Y,Y,6/15/2021 0:00
377,BEML,BEML Limited,522951,101121,395,BEML,BEML,0,,0,0.05,1,EQ,NSE,NSE,N,Y,Y,6/15/2021 0:00
378,CENTURYTEX,Century Textiles & Industries Limited,519441,160001,625,CENTURYTEX,CENTURY TEXTILES,0,,0,0.05,1,EQ,NSE,NSE,N,Y,Y,6/15/2021 0:00
379,INDIACEM,The India Cements Limited,518613,387841,1515,INDIACEM,THE INDIA CEMENTS,0,,0,0.05,1,EQ,NSE,NSE,N,Y,Y,6/15/2021 0:00
380,SCI,Shipping Corporation Of India Limited,515640,780289,3048,SCI,SHIPPING CORP OF INDIA LT,0,,0,0.05,1,EQ,NSE,NSE,N,Y,Y,6/15/2021 0:00
381,JKLAKSHMI,JK Lakshmi Cement Limited,509453,3453697,13491,JKLAKSHMI,JK LAKSHMI CEMENT,0,,0,0.05,1,EQ,NSE,NSE,N,Y,Y,6/15/2021 0:00
382,CERA,Cera Sanitaryware Limited,508179,3849985,15039,CERA,CERA SANITARYWARE,0,,0,0.05,1,EQ,NSE,NSE,N,Y,Y,6/15/2021 0:00
383,JYOTHYLAB,Jyothy Labs Limited,502341,3877377,15146,JYOTHYLAB,JYOTHY LABS,0,,0,0.05,1,EQ,NSE,NSE,N,Y,Y,6/15/2021 0:00
384,VIPIND,VIP Industries Limited,500475,947969,3703,VIPIND,VIP INDUSTRIES,0,,0,0.05,1,EQ,NSE,NSE,N,Y,Y,6/15/2021 0:00
385,SOLARA,Solara Active Pharma Sciences Limited,500277,940033,3672,SOLARA,SOLARA ACTIVE PHA SCI,0,,0,0.05,1,EQ,NSE,NSE,N,Y,Y,6/15/2021 0:00
386,TV18BRDCST,TV18 Broadcast Limited,492879,3637249,14208,TV18BRDCST,TV18 BROADCAST,0,,0,0.05,1,EQ,NSE,NSE,N,Y,Y,6/15/2021 0:00
387,COCHINSHIP,Cochin Shipyard Limited,492356,5506049,21508,COCHINSHIP,COCHIN SHIPYARD,0,,0,0.05,1,EQ,NSE,NSE,N,Y,Y,6/15/2021 0:00
388,BURGERKING,Burger King India Limited,492320,382465,1494,BURGERKING,BURGER KING INDIA,0,,0,0.05,1,EQ,NSE,NSE,N,Y,Y,6/15/2021 0:00
389,VARROC,Varroc Engineering Limited,491860,987393,3857,VARROC,VARROC ENGINEERING.,0,,0,0.05,1,EQ,NSE,NSE,N,Y,Y,6/15/2021 0:00
390,RALLIS,Rallis India Limited,491617,720897,2816,RALLIS,RALLIS INDIA,0,,0,0.05,1,EQ,NSE,NSE,N,Y,Y,6/15/2021 0:00
391,ANURAS,Anupam Rasayan India Limited,488770,724225,2829,ANURAS,ANUPAM RASAYAN INDIA,0,,0,0.05,1,EQ,NSE,NSE,N,Y,Y,6/15/2021 0:00
392,KPITTECH,KPIT Technologies Limited,486742,2478849,9683,KPITTECH,KPIT TECHNOLOGIES,0,,0,0.05,1,EQ,NSE,NSE,N,Y,Y,6/15/2021 0:00
393,FDC,FDC Limited,482628,1253889,4898,FDC,FDC,0,,0,0.05,1,EQ,NSE,NSE,N,Y,Y,6/15/2021 0:00
394,NCC,NCC Limited,481779,593665,2319,NCC,NCC,0,,0,0.05,1,EQ,NSE,NSE,N,Y,Y,6/15/2021 0:00
395,RAIN,Rain Industries Limited,480470,3926273,15337,RAIN,RAIN INDUSTRIES,0,,0,0.05,1,EQ,NSE,NSE,N,Y,Y,6/15/2021 0:00
396,THYROCARE,Thyrocare Technologies Limited,477245,4360193,17032,THYROCARE,THYROCARE TECH,0,,0,0.05,1,EQ,NSE,NSE,N,Y,Y,6/15/2021 0:00
397,GODFRYPHLP,Godfrey Phillips India Limited,476134,302337,1181,GODFRYPHLP,GODFREY PHILLIPS INDIA LT,0,,0,0.05,1,EQ,NSE,NSE,N,Y,Y,6/15/2021 0:00
398,KEI,KEI Industries Limited,469674,3407361,13310,KEI,KEI INDUSTRIES.,0,,0,0.05,1,EQ,NSE,NSE,N,Y,Y,6/15/2021 0:00
399,GPPL,Gujarat Pipavav Port Limited,469178,5051137,19731,GPPL,GUJARAT PIPAVAV PORT,0,,0,0.05,1,EQ,NSE,NSE,N,Y,Y,6/15/2021 0:00
400,GNFC,Gujarat Narmada Valley Fertilizers and Chemicals Limited,466567,300545,1174,GNFC,GUJ NAR VAL FER & CHEM L,0,,0,0.05,1,EQ,NSE,NSE,N,Y,Y,6/15/2021 0:00
401,MASFIN,MAS Financial Services Limited,466322,50945,199,MASFIN,MAS FINANCIAL SERV,0,,0,0.05,1,EQ,NSE,NSE,N,Y,Y,6/15/2021 0:00
402,LXCHEM,Laxmi Organic Industries Limited,460092,727297,2841,LXCHEM,LAXMI ORGANIC INDUS,0,,0,0.05,1,EQ,NSE,NSE,N,Y,Y,6/15/2021 0:00
403,GESHIP,The Great Eastern Shipping Company Limited,459564,3526657,13776,GESHIP,THE GE SHPG.LTD,0,,0,0.05,1,EQ,NSE,NSE,N,Y,Y,6/15/2021 0:00
404,PRINCEPIPE,Prince Pipes And Fittings Limited,459303,4107521,16045,PRINCEPIPE,PRINCE PIPES FITTINGS,0,,0,0.05,1,EQ,NSE,NSE,N,Y,Y,6/15/2021 0:00
405,WOCKPHARMA,Wockhardt Limited,458689,1921537,7506,WOCKPHARMA,WOCKHARDT,0,,0,0.05,1,EQ,NSE,NSE,N,Y,Y,6/15/2021 0:00
406,HATHWAY,Hathway Cable & Datacom Limited,454917,4647425,18154,HATHWAY,HATHWAY CABLE & DATACOM,0,,0,0.05,1,EQ,NSE,NSE,N,Y,Y,6/15/2021 0:00
407,BALRAMCHIN,Balrampur Chini Mills Limited,450450,87297,341,BALRAMCHIN,BALRAMPUR CHINI MILLS,0,,0,0.05,1,EQ,NSE,NSE,N,Y,Y,6/15/2021 0:00
408,IFBIND,IFB Industries Limited,450387,380161,1485,IFBIND,IFB INDUSTRIES,0,,0,0.05,1,EQ,NSE,NSE,N,Y,Y,6/15/2021 0:00
409,NAZARA,Nazara Technologies Limited,446530,764673,2987,NAZARA,NAZARA TECHNOLOGIES,0,,0,0.05,1,EQ,NSE,NSE,N,Y,Y,6/15/2021 0:00
410,RESPONIND,Responsive Industries Limited,446011,5202689,20323,RESPONIND,RESPONSIVE INDUSTRIES,0,,0,0.05,1,EQ,NSE,NSE,N,Y,Y,6/15/2021 0:00
411,KARURVYSYA,Karur Vysya Bank Limited,444328,470529,1838,KARURVYSYA,KARUR VYSYA BANK,0,,0,0.05,1,EQ,NSE,NSE,N,Y,Y,6/15/2021 0:00
412,LUXIND,Lux Industries Limited,441511,2893057,11301,LUXIND,LUX INDUSTRIES,0,,0,0.05,1,EQ,NSE,NSE,N,Y,Y,6/15/2021 0:00
413,ENGINERSIN,Engineers India Limited,432773,1256193,4907,ENGINERSIN,ENGINEERS INDIA,0,,0,0.05,1,EQ,NSE,NSE,N,Y,Y,6/15/2021 0:00
414,DELTACORP,Delta Corp Limited,432650,3851265,15044,DELTACORP,DELTA CORP,0,,0,0.05,1,EQ,NSE,NSE,N,Y,Y,6/15/2021 0:00
415,MAZDOCK,Mazagon Dock Shipbuilders Limited,428188,130305,509,MAZDOCK,MAZAGON DOCK SHIPBUIL,0,,0,0.05,1,EQ,NSE,NSE,N,Y,Y,6/15/2021 0:00
416,RCF,Rashtriya Chemicals and Fertilizers Limited,427282,733697,2866,RCF,RASHTRIYA CHEMICALS & FER,0,,0,0.05,1,EQ,NSE,NSE,N,Y,Y,6/15/2021 0:00
417,JSWHL,JSW Holdings Limited,427208,3041281,11880,JSWHL,JSW HOLDINGS,0,,0,0.05,1,EQ,NSE,NSE,N,Y,Y,6/15/2021 0:00
418,SUZLON,Suzlon Energy Limited,425401,3076609,12018,SUZLON,SUZLON ENERGY,0,,0,0.05,1,EQ,NSE,NSE,N,Y,Y,6/15/2021 0:00
419,KRBL,KRBL Limited,422525,2707713,10577,KRBL,KRBL,0,,0,0.05,1,EQ,NSE,NSE,N,Y,Y,6/15/2021 0:00
420,MAHLOG,Mahindra Logistics Limited,415509,98561,385,MAHLOG,MAHINDRA LOGISTIC,0,,0,0.05,1,EQ,NSE,NSE,N,Y,Y,6/15/2021 0:00
421,IRCON,Ircon International Limited,415238,1276417,4986,IRCON,IRCON INTERNATIONAL,0,,0,0.05,1,EQ,NSE,NSE,N,Y,Y,6/15/2021 0:00
422,SWSOLAR,Sterling And Wilson Solar Limited,414450,3197185,12489,SWSOLAR,STERLING & WILSON SO,0,,0,0.05,1,EQ,NSE,NSE,N,Y,Y,6/15/2021 0:00
423,SOBHA,Sobha Limited,414429,3539457,13826,SOBHA,SOBHA,0,,0,0.05,1,EQ,NSE,NSE,N,Y,Y,6/15/2021 0:00
424,JUBLINGREA,Jubilant Ingrevia Limited,413653,712449,2783,JUBLINGREA,JUBILANT INGREVIA,0,,0,0.05,1,EQ,NSE,NSE,N,Y,Y,6/15/2021 0:00
425,SUNTECK,Sunteck Realty Limited,410490,4516097,17641,SUNTECK,SUNTECK REALTY,0,,0,0.05,1,EQ,NSE,NSE,N,Y,Y,6/15/2021 0:00
426,MAHSCOOTER,Maharashtra Scooters Limited,407720,533761,2085,MAHSCOOTER,MAHARASHTRA SCOOTERS,0,,0,0.05,1,EQ,NSE,NSE,N,Y,Y,6/15/2021 0:00
427,RAILTEL,Railtel Corporation Of India Limited,406950,622337,2431,RAILTEL,RAILTEL CORP OF IND,0,,0,0.05,1,EQ,NSE,NSE,N,Y,Y,6/15/2021 0:00
428,CSBBANK,CSB Bank Limited,403979,3831297,14966,CSBBANK,CSB BANK,0,,0,0.05,1,EQ,NSE,NSE,N,Y,Y,6/15/2021 0:00
429,BHARATRAS,Bharat Rasayan Limited,400044,981505,3834,BHARATRAS,BHARAT RASAYAN,0,,0,0.05,1,EQ,NSE,NSE,N,Y,Y,6/15/2021 0:00
430,STARCEMENT,Star Cement Limited,399025,5399297,21091,STARCEMENT,STAR CEMENT,0,,0,0.05,1,EQ,NSE,NSE,N,Y,Y,6/15/2021 0:00
431,SUPPETRO,Supreme Petrochem Limited,392959,860161,3360,SUPPETRO,SUPREME PETROCHEMICALS LT,0,,0,0.05,1,EQ,NSE,NSE,N,Y,Y,6/8/2021 0:00
432,HOMEFIRST,Home First Finance Company India Limited,391842,526337,2056,HOMEFIRST,HOME FIRST FIN CO IND,0,,0,0.05,1,EQ,NSE,NSE,N,Y,Y,6/15/2021 0:00
433,HEMIPROP,Hemisphere Properties India Limited,391733,179457,701,HEMIPROP,HEMISPHERE PROP IND,0,,0,0.05,1,EQ,NSE,NSE,N,Y,Y,6/15/2021 0:00
434,SPANDANA,Spandana Sphoorty Financial Limited,389880,2927361,11435,SPANDANA,SPANDANA SPHOORTY FIN,0,,0,0.05,1,EQ,NSE,NSE,N,Y,Y,6/15/2021 0:00
435,AGCNET,AGC Networks Limited,386369,879361,3435,AGCNET,AGC NETWORKS,0,,0,0.05,1,EQ,NSE,NSE,N,Y,Y,6/8/2021 0:00
436,INDOSTAR,IndoStar Capital Finance Limited,386348,790529,3088,INDOSTAR,INDOSTAR CAPITAL FIN,0,,0,0.05,1,EQ,NSE,NSE,N,Y,Y,6/15/2021 0:00
437,ADVENZYMES,Advanced Enzyme Technologies Limited,385407,4617985,18039,ADVENZYMES,ADVANCED ENZYME TECH,0,,0,0.05,1,EQ,NSE,NSE,N,Y,Y,6/15/2021 0:00
438,SUPRAJIT,Suprajit Engineering Limited,385349,2992385,11689,SUPRAJIT,SUPRAJIT ENGINEERING,0,,0,0.05,1,EQ,NSE,NSE,N,Y,Y,6/15/2021 0:00
439,ECLERX,eClerx Services Limited,384832,3885825,15179,ECLERX,ECLERX SERVICES,0,,0,0.05,1,EQ,NSE,NSE,N,Y,Y,6/15/2021 0:00
440,BAJAJCON,Bajaj Consumer Care Limited,383457,4999937,19531,BAJAJCON,BAJAJ CONSUMER CARE,0,,0,0.05,1,EQ,NSE,NSE,N,Y,Y,6/15/2021 0:00
441,IRB,IRB Infrastructure Developers Limited,381675,3920129,15313,IRB,IRB INFRA DEV.,0,,0,0.05,1,EQ,NSE,NSE,N,Y,Y,6/15/2021 0:00
442,NETWORK18,Network18 Media & Investments Limited,381089,3612417,14111,NETWORK18,NETWORK18 MEDIA & INV,0,,0,0.05,1,EQ,NSE,NSE,N,Y,Y,6/15/2021 0:00
443,FACT,Fertilizers and Chemicals Travancore Limited,380235,258049,1008,FACT,FACT,0,,0,0.05,1,EQ,NSE,NSE,N,Y,Y,6/15/2021 0:00
444,SPARC,Sun Pharma Advanced Research Company Limited,372469,3785729,14788,SPARC,SUN PHARMA ADV.RES.CO.LTD,0,,0,0.05,1,EQ,NSE,NSE,N,Y,Y,6/15/2021 0:00
445,NESCO,Nesco Limited,370760,3944705,15409,NESCO,NESCO.,0,,0,0.05,1,EQ,NSE,NSE,N,Y,Y,6/15/2021 0:00
446,IBREALEST,Indiabulls Real Estate Limited,368732,3699201,14450,IBREALEST,INDIABULLS REAL EST.,0,,0,0.05,1,EQ,NSE,NSE,N,Y,Y,6/15/2021 0:00
447,TASTYBITE,Tasty Bite Eatables Limited,366272,5143553,20092,TASTYBITE,TASTY BITE EATABLES,0,,0,0.05,1,EQ,NSE,NSE,N,Y,Y,6/15/2021 0:00
448,TCIEXP,TCI Express Limited,363898,4921089,19223,TCIEXP,TCI EXPRESS,0,,0,0.05,1,EQ,NSE,NSE,N,Y,Y,6/15/2021 0:00
449,GULFOILLUB,Gulf Oil Lubricants India Limited,363335,1124097,4391,GULFOILLUB,GULF OIL LUB. IND..,0,,0,0.05,1,EQ,NSE,NSE,N,Y,Y,6/15/2021 0:00
450,WELCORP,Welspun Corp Limited,360934,3026177,11821,WELCORP,WELSPUN CORP,0,,0,0.05,1,EQ,NSE,NSE,N,Y,Y,6/15/2021 0:00
451,HGS,Hinduja Global Solutions Limited,360383,3766273,14712,HGS,HINDUJA GLOBAL SOLS..,0,,0,0.05,1,EQ,NSE,NSE,N,Y,Y,6/15/2021 0:00
452,SUDARSCHEM,Sudarshan Chemical Industries Limited,358701,851713,3327,SUDARSCHEM,SUDARSHAN CHEMICAL INDS L,0,,0,0.05,1,EQ,NSE,NSE,N,Y,Y,6/15/2021 0:00
453,MOIL,MOIL Limited,357297,5332481,20830,MOIL,MOIL,0,,0,0.05,1,EQ,NSE,NSE,N,Y,Y,6/15/2021 0:00
454,PRAJIND,Praj Industries Limited,357022,692481,2705,PRAJIND,PRAJ INDUSTRIES,0,,0,0.05,1,EQ,NSE,NSE,N,Y,Y,6/8/2021 0:00
455,TATASTLLP,Tata Steel Long Products Limited,349908,419585,1639,TATASTLLP,TATA STEEL LONG PRO,0,,0,0.05,1,EQ,NSE,NSE,N,Y,Y,6/8/2021 0:00
456,TECHNOE,Techno Electric & Engineering Company Limited,337535,1649921,6445,TECHNOE,TECHNO ELEC & ENG CO.,0,,0,0.05,1,EQ,NSE,NSE,N,Y,Y,6/15/2021 0:00
457,PAISALO,Paisalo Digital Limited,334108,6519809,25468,PAISALO,PAISALO DIGITAL,0,,0,0.05,1,EQ,NSE,NSE,N,Y,Y,6/15/2021 0:00
458,PRIVISCL,Privi Speciality Chemicals Limited,333615,2259201,8825,PRIVISCL,PRIVI SPECIALITY CHE,0,,0,0.05,1,EQ,NSE,NSE,N,Y,Y,6/15/2021 0:00
459,MIDHANI,Mishra Dhatu Nigam Limited,331311,630529,2463,MIDHANI,MISHRA DHATU NIGAM,0,,0,0.05,1,EQ,NSE,NSE,N,Y,Y,6/15/2021 0:00
460,SWANENERGY,Swan Energy Limited,331090,6936321,27095,SWANENERGY,SWAN ENERGY,0,,0,0.05,1,EQ,NSE,NSE,N,Y,Y,6/15/2021 0:00
461,ITDC,India Tourism Development Corporation Limited,329397,4940545,19299,ITDC,INDIA TOUR. DEV. CO..,0,,0,0.05,1,EQ,NSE,NSE,N,Y,Y,6/15/2021 0:00
462,JSL,Jindal Stainless Limited,329371,2876417,11236,JSL,JINDAL STAINLESS,0,,0,0.05,1,EQ,NSE,NSE,N,Y,Y,6/15/2021 0:00
463,TRITURBINE,Triveni Turbine Limited,329125,6549505,25584,TRITURBINE,TRIVENI TURBINE,0,,0,0.05,1,EQ,NSE,NSE,N,Y,Y,6/15/2021 0:00
464,PHILIPCARB,Phillips Carbon Black Limited,328821,678145,2649,PHILIPCARB,PHILIPS CARBON BLACK,0,,0,0.05,1,EQ,NSE,NSE,N,Y,Y,6/15/2021 0:00
465,JINDALPOLY,Jindal Poly Films Limited,324282,449537,1756,JINDALPOLY,JINDAL POLY FILMS,0,,0,0.05,1,EQ,NSE,NSE,N,Y,Y,6/15/2021 0:00
466,GSFC,Gujarat State Fertilizers & Chemicals Limited,323962,319233,1247,GSFC,GUJ STATE FERT & CHEM,0,,0,0.05,1,EQ,NSE,NSE,N,Y,Y,6/15/2021 0:00
467,KSCL,Kaveri Seed Company Limited,323884,3832833,14972,KSCL,KAVERI SEED CO..,0,,0,0.05,1,EQ,NSE,NSE,N,Y,Y,6/15/2021 0:00
468,IOLCP,IOL Chemicals and Pharmaceuticals Limited,323379,5225729,20413,IOLCP,IOL CHEM AND PHARMA,0,,0,0.05,1,EQ,NSE,NSE,N,Y,Y,6/15/2021 0:00
469,HFCL,HFCL Limited,323021,5619457,21951,HFCL,HFCL,0,,0,0.05,1,EQ,NSE,NSE,N,Y,Y,6/15/2021 0:00
470,DHANUKA,Dhanuka Agritech Limited,321251,6248705,24409,DHANUKA,DHANUKA AGRITECH,0,,0,0.05,1,EQ,NSE,NSE,N,Y,Y,6/15/2021 0:00
471,INOXLEISUR,INOX Leisure Limited,321198,3384577,13221,INOXLEISUR,INOX LEISURE,0,,0,0.05,1,EQ,NSE,NSE,N,Y,Y,6/15/2021 0:00
472,BORORENEW,BOROSIL RENEWABLES LIMITED,320181,806145,3149,BORORENEW,BOROSIL RENEWABLES,0,,0,0.05,1,EQ,NSE,NSE,N,Y,Y,6/8/2021 0:00
473,DCBBANK,DCB Bank Limited,318595,3513601,13725,DCBBANK,DCB BANK,0,,0,0.05,1,EQ,NSE,NSE,N,Y,Y,6/15/2021 0:00
474,ICRA,ICRA Limited,315595,3717889,14523,ICRA,ICRA,0,,0,0.05,1,EQ,NSE,NSE,N,Y,Y,6/15/2021 0:00
475,MTARTECH,Mtar Technologies Limited,314886,693505,2709,MTARTECH,MTAR TECHNOLOGIES,0,,0,0.05,1,EQ,NSE,NSE,N,Y,Y,6/15/2021 0:00
476,KSB,Ksb Limited,311965,498945,1949,KSB,KSB,0,,0,0.05,1,EQ,NSE,NSE,N,Y,Y,6/15/2021 0:00
477,TCNSBRANDS,TCNS Clothing Co. Limited,311796,1068033,4172,TCNSBRANDS,TCNS CLOTHING CO.,0,,0,0.05,1,EQ,NSE,NSE,N,Y,Y,6/15/2021 0:00
478,CCL,CCL Products (India) Limited,311219,2931713,11452,CCL,CCL PRODUCTS (I),0,,0,0.05,1,EQ,NSE,NSE,N,Y,Y,6/15/2021 0:00
479,MASTEK,Mastek Limited,307753,543745,2124,MASTEK,MASTEK,0,,0,0.05,1,EQ,NSE,NSE,N,Y,Y,6/15/2021 0:00
480,CAPLIPOINT,Caplin Point Laboratories Limited,305181,999937,3906,CAPLIPOINT,CAPLIN POINT LAB.,0,,0,0.05,1,EQ,NSE,NSE,N,Y,Y,6/15/2021 0:00
481,ALLCARGO,Allcargo Logistics Limited,303188,3456257,13501,ALLCARGO,ALLCARGO LOGISTICS,0,,0,0.05,1,EQ,NSE,NSE,N,Y,Y,6/15/2021 0:00
482,CHALET,Chalet Hotels Limited,299950,2187777,8546,CHALET,CHALET HOTELS,0,,0,0.05,1,EQ,NSE,NSE,N,Y,Y,6/15/2021 0:00
483,CRAFTSMAN,Craftsman Automation Limited,299906,730625,2854,CRAFTSMAN,CRAFTSMAN AUTOMATION,0,,0,0.05,1,EQ,NSE,NSE,N,Y,Y,6/15/2021 0:00
484,EQUITAS,Equitas Holdings Limited,298212,4314113,16852,EQUITAS,EQUITAS HOLDINGS,0,,0,0.05,1,EQ,NSE,NSE,N,Y,Y,6/15/2021 0:00
485,GET&D,GE T&D India Limited,297782,4296449,16783,GET&D,GE T&D INDIA,0,,0,0.05,1,EQ,NSE,NSE,N,Y,Y,6/15/2021 0:00
486,MAGMA,Magma Fincorp Limited,296848,2919169,11403,MAGMA,MAGMA FINCORP,0,,0,0.05,1,EQ,NSE,NSE,N,Y,Y,6/8/2021 0:00
488,GREAVESCOT,Greaves Cotton Limited,295135,316161,1235,GREAVESCOT,GREAVES COTTON.,0,,0,0.05,1,EQ,NSE,NSE,N,Y,Y,6/15/2021 0:00
489,JSLHISAR,Jindal Stainless (Hisar) Limited,295036,3149825,12304,JSLHISAR,JINDAL STAINLESS (H),0,,0,0.05,1,EQ,NSE,NSE,N,Y,Y,6/15/2021 0:00
490,GAEL,Gujarat Ambuja Exports Limited,293205,2259969,8828,GAEL,GUJARAT AMBUJA EXPORTS LT,0,,0,0.05,1,EQ,NSE,NSE,N,Y,Y,6/15/2021 0:00
491,LEMONTREE,Lemon Tree Hotels Limited,293131,667137,2606,LEMONTREE,LEMON TREE HOTELS,0,,0,0.05,1,EQ,NSE,NSE,N,Y,Y,6/15/2021 0:00
492,MAHLIFE,Mahindra Lifespace Developers Limited,292550,2060801,8050,MAHLIFE,MAHINDRA LIFESPACE DEVLTD,0,,0,0.05,1,EQ,NSE,NSE,N,Y,Y,6/15/2021 0:00
493,NILKAMAL,Nilkamal Limited,291101,619777,2421,NILKAMAL,NILKAMAL,0,,0,0.05,1,EQ,NSE,NSE,N,Y,Y,6/15/2021 0:00
494,SURYODAY,Suryoday Small Finance Bank Limited,290480,760321,2970,SURYODAY,SURYODAY SMALL FIN BK,0,,0,0.05,1,EQ,NSE,NSE,N,Y,Y,6/15/2021 0:00
495,NOCIL,NOCIL Limited,290452,625153,2442,NOCIL,NOCIL,0,,0,0.05,1,EQ,NSE,NSE,N,Y,Y,6/15/2021 0:00
496,ASHOKA,Ashoka Buildcon Limited,286057,5166593,20182,ASHOKA,ASHOKA BUILDCON,0,,0,0.05,1,EQ,NSE,NSE,N,Y,Y,6/15/2021 0:00
497,MHRIL,Mahindra Holidays & Resorts India Limited,280997,4437249,17333,MHRIL,MAHINDRA HOLIDAYS,0,,0,0.05,1,EQ,NSE,NSE,N,Y,Y,6/15/2021 0:00
498,SAREGAMA,Saregama India Limited,278091,1252353,4892,SAREGAMA,SAREGAMA INDIA,0,,0,0.05,1,EQ,NSE,NSE,N,Y,Y,6/8/2021 0:00
499,TTML,Tata Teleservices (Maharashtra) Limited,275645,2292225,8954,TTML,TATA TELESERV(MAHARASTRA),0,,0,0.05,1,EQ,NSE,NSE,N,Y,Y,6/8/2021 0:00
500,ESABINDIA,Esab India Limited,275497,244481,955,ESABINDIA,ESAB INDIA,0,,0,0.05,1,EQ,NSE,NSE,N,Y,Y,6/15/2021 0:00
501,UFLEX,UFLEX Limited,272996,269569,1053,UFLEX,UFLEX,0,,0,0.05,1,EQ,NSE,NSE,N,Y,Y,6/15/2021 0:00
502,SHILPAMED,Shilpa Medicare Limited,272137,4544513,17752,SHILPAMED,SHILPA MEDICARE,0,,0,0.05,1,EQ,NSE,NSE,N,Y,Y,6/15/2021 0:00
503,ORIENTREF,Orient Refractories Limited,271034,7977729,31163,ORIENTREF,ORIENT REFRACTORIES,0,,0,0.05,1,EQ,NSE,NSE,N,Y,Y,6/15/2021 0:00
504,POLYPLEX,Polyplex Corporation Limited,270917,687873,2687,POLYPLEX,POLYPLEX CORPORATION,0,,0,0.05,1,EQ,NSE,NSE,N,Y,Y,6/15/2021 0:00
505,JAMNAAUTO,Jamna Auto Industries Limited,270358,5319169,20778,JAMNAAUTO,JAMNA AUTO IND,0,,0,0.05,1,EQ,NSE,NSE,N,Y,Y,6/15/2021 0:00
506,JKTYRE,JK Tyre & Industries Limited,268392,3695361,14435,JKTYRE,JK TYRE & INDUSTRIES,0,,0,0.05,1,EQ,NSE,NSE,N,Y,Y,6/15/2021 0:00
507,NEULANDLAB,Neuland Laboratories Limited,268042,615937,2406,NEULANDLAB,NEULAND LAB.,0,,0,0.05,1,EQ,NSE,NSE,N,Y,Y,6/8/2021 0:00
508,NFL,National Fertilizers Limited,265403,3564801,13925,NFL,NATIONAL FERT.,0,,0,0.05,1,EQ,NSE,NSE,N,Y,Y,6/15/2021 0:00
509,INDOCO,Indoco Remedies Limited,264978,2989313,11677,INDOCO,INDOCO REMEDIES.,0,,0,0.05,1,EQ,NSE,NSE,N,Y,Y,6/15/2021 0:00
510,ALEMBICLTD,Alembic Limited,264357,20225,79,ALEMBICLTD,ALEMBIC,0,,0,0.05,1,EQ,NSE,NSE,N,Y,Y,6/15/2021 0:00
511,ICIL,Indo Count Industries Limited,259877,3068673,11987,ICIL,INDO COUNT INDUSTRIES,0,,0,0.05,1,EQ,NSE,NSE,N,Y,Y,6/15/2021 0:00
512,SHARDACROP,Sharda Cropchem Limited,258752,1277953,4992,SHARDACROP,SHARDA CROPCHEM.,0,,0,0.05,1,EQ,NSE,NSE,N,Y,Y,6/15/2021 0:00
513,TATAMETALI,Tata Metaliks Limited,257672,876289,3423,TATAMETALI,TATA METALIKS,0,,0,0.05,1,EQ,NSE,NSE,N,Y,Y,6/15/2021 0:00
514,BSE,BSE Limited,257134,5013761,19585,BSE,BSE,0,,0,0.05,1,EQ,NSE,NSE,N,Y,Y,6/15/2021 0:00
515,UJJIVAN,Ujjivan Financial Services Limited,255843,4369665,17069,UJJIVAN,UJJIVAN FIN. SERVC..,0,,0,0.05,1,EQ,NSE,NSE,N,Y,Y,6/15/2021 0:00
516,JKPAPER,JK Paper Limited,253849,3036161,11860,JKPAPER,JK PAPER,0,,0,0.05,1,EQ,NSE,NSE,N,Y,Y,6/15/2021 0:00
517,GPIL,Godawari Power And Ispat limited,253296,3432705,13409,GPIL,GODAWARI POW & ISP,0,,0,0.05,1,EQ,NSE,NSE,N,Y,Y,6/15/2021 0:00
518,GUJALKALI,Gujarat Alkalies and Chemicals Limited,253239,324353,1267,GUJALKALI,GUJARAT ALKALIES & CHEM,0,,0,0.05,1,EQ,NSE,NSE,N,Y,Y,6/15/2021 0:00
519,HERANBA,Heranba Industries Limited,252565,669185,2614,HERANBA,HERANBA INDUSTRIES,0,,0,0.05,1,EQ,NSE,NSE,N,Y,Y,6/15/2021 0:00
520,LAOPALA,La Opala RG Limited,246198,3692289,14423,LAOPALA,LA OPALA RG,0,,0,0.05,1,EQ,NSE,NSE,N,Y,Y,6/15/2021 0:00
521,RUPA,Rupa & Company Limited,244379,6585345,25724,RUPA,RUPA & COMPANY,0,,0,0.05,1,EQ,NSE,NSE,N,Y,Y,6/15/2021 0:00
522,RAYMOND,Raymond Limited,240697,731905,2859,RAYMOND,RAYMOND,0,,0,0.05,1,EQ,NSE,NSE,N,Y,Y,6/15/2021 0:00
523,MINDACORP,Minda Corporation Limited,240275,6629633,25897,MINDACORP,MINDA CORPORATION,0,,0,0.05,1,EQ,NSE,NSE,N,Y,Y,6/15/2021 0:00
524,HCG,Healthcare Global Enterprises Limited,238794,3982081,15555,HCG,HEALTHCARE GLOB. ENT.,0,,0,0.05,1,EQ,NSE,NSE,N,Y,Y,6/15/2021 0:00
525,ANGELBRKG,Angel Broking Limited,238279,82945,324,ANGELBRKG,ANGEL BROKING,0,,0,0.05,1,EQ,NSE,NSE,N,Y,Y,6/15/2021 0:00
526,JINDALSAW,Jindal Saw Limited,237098,774145,3024,JINDALSAW,JINDAL SAW,0,,0,0.05,1,EQ,NSE,NSE,N,Y,Y,6/15/2021 0:00
527,KIRLOSENG,Kirloskar Oil Engines Limited,236588,5359617,20936,KIRLOSENG,KIRLOSKAR OIL ENG,0,,0,0.05,1,EQ,NSE,NSE,N,Y,Y,6/15/2021 0:00
528,SHOPERSTOP,Shoppers Stop Limited,235122,3024129,11813,SHOPERSTOP,SHOPPERS STOP,0,,0,0.05,1,EQ,NSE,NSE,N,Y,Y,6/15/2021 0:00
529,DEN,Den Networks Limited,235033,4536833,17722,DEN,DEN NETWORKS,0,,0,0.05,1,EQ,NSE,NSE,N,Y,Y,6/15/2021 0:00
530,DEEPAKFERT,Deepak Fertilizers and Petrochemicals Corporation Limited,232666,211713,827,DEEPAKFERT,DEEPAK FERTILIZERS & PETR,0,,0,0.05,1,EQ,NSE,NSE,N,Y,Y,6/15/2021 0:00
531,BEPL,Bhansali Engineering Polymers Limited,232517,107265,419,BEPL,BHANSALI ENG. POLYMERS LT,0,,0,0.05,1,EQ,NSE,NSE,N,Y,Y,6/15/2021 0:00
532,FRETAIL,Future Retail Limited,231284,4704769,18378,FRETAIL,FUTURE RETAIL,0,,0,0.05,1,EQ,NSE,NSE,N,Y,Y,6/15/2021 0:00
533,PTC,PTC India Limited,230146,2906881,11355,PTC,PTC INDIA,0,,0,0.05,1,EQ,NSE,NSE,N,Y,Y,6/15/2021 0:00
534,HIL,HIL Limited,228433,372481,1455,HIL,HIL,0,,0,0.05,1,EQ,NSE,NSE,N,Y,Y,6/15/2021 0:00
535,IFCI,IFCI Limited,227519,381697,1491,IFCI,IFCI,0,,0,0.05,1,EQ,NSE,NSE,N,Y,Y,6/15/2021 0:00
536,RELIGARE,Religare Enterprises Limited,226987,3857409,15068,RELIGARE,RELIGARE ENTER..,0,,0,0.05,1,EQ,NSE,NSE,N,Y,Y,6/15/2021 0:00
537,GREENLAM,Greenlam Industries Limited,226230,1753089,6848,GREENLAM,GREENLAM INDUSTRIES.,0,,0,0.05,1,EQ,NSE,NSE,N,Y,Y,6/15/2021 0:00
538,SCHNEIDER,Schneider Electric Infrastructure Limited,225714,7995905,31234,SCHNEIDER,SCHNEIDER ELECTRIC INFRA,0,,0,0.05,1,EQ,NSE,NSE,N,Y,Y,6/15/2021 0:00
539,EASEMYTRIP,Easy Trip Planners Limited,225004,714753,2792,EASEMYTRIP,EASY TRIP PLANNERS,0,,0,0.05,1,EQ,NSE,NSE,N,Y,Y,6/15/2021 0:00
540,TATACOFFEE,Tata Coffee Limited,224031,185345,724,TATACOFFEE,TATA COFFEE,0,,0,0.05,1,EQ,NSE,NSE,N,Y,Y,6/15/2021 0:00
541,JPPOWER,Jaiprakash Power Ventures Limited,222737,3011329,11763,JPPOWER,JAIPRAKASH POWER VEN.,0,,0,0.05,1,EQ,NSE,NSE,N,Y,Y,6/15/2021 0:00
542,RAMCOIND,Ramco Industries Limited,222421,1174273,4587,RAMCOIND,RAMCO INDUSTRIES,0,,0,0.05,1,EQ,NSE,NSE,N,Y,Y,6/15/2021 0:00
543,GDL,Gateway Distriparks Limited,221584,3004161,11735,GDL,GATEWAY DISTRIPARKS.,0,,0,0.05,1,EQ,NSE,NSE,N,Y,Y,6/15/2021 0:00
544,BALMLAWRIE,Balmer Lawrie & Company Limited,220167,86529,338,BALMLAWRIE,BALMER LAWRIE & CO,0,,0,0.05,1,EQ,NSE,NSE,N,Y,Y,6/15/2021 0:00
545,MATRIMONY,Matrimony.Com Limited,219414,5561857,21726,MATRIMONY,MATRIMONY.COM,0,,0,0.05,1,EQ,NSE,NSE,N,Y,Y,6/15/2021 0:00
546,VENKEYS,Venky's (India) Limited,219143,961793,3757,VENKEYS,VENKY'S (INDIA),0,,0,0.05,1,EQ,NSE,NSE,N,Y,Y,6/15/2021 0:00
547,UNICHEMLAB,Unichem Laboratories Limited,218680,916225,3579,UNICHEMLAB,UNICHEM LABORATORIES,0,,0,0.05,1,EQ,NSE,NSE,N,Y,Y,6/15/2021 0:00
548,GHCL,GHCL Limited,218055,288513,1127,GHCL,GHCL,0,,0,0.05,1,EQ,NSE,NSE,N,Y,Y,6/15/2021 0:00
549,INGERRAND,Ingersoll Rand (India) Limited,215594,408833,1597,INGERRAND,INGERSOLL-RAND INDIA,0,,0,0.05,1,EQ,NSE,NSE,N,Y,Y,6/15/2021 0:00
550,SUVIDHAA,Suvidhaa Infoserve Limited,213052,767489,2998,SUVIDHAA,SUVIDHAA INFOSERVE,0,,0,0.05,1,EQ,NSE,NSE,N,Y,Y,6/15/2021 0:00
551,GRSE,Garden Reach Shipbuilders & Engineers Limited,211749,1401601,5475,GRSE,GARDEN REACH SHIP&ENG,0,,0,0.05,1,EQ,NSE,NSE,N,Y,Y,6/15/2021 0:00
552,HUHTAMAKI,Huhtamaki India Limited,211386,655873,2562,HUHTAMAKI,HUHTAMAKI INDIA,0,,0,0.05,1,EQ,NSE,NSE,N,Y,Y,6/15/2021 0:00
553,REPCOHOME,Repco Home Finance Limited,210863,7577089,29598,REPCOHOME,REPCO HOME FINANCE,0,,0,0.05,1,EQ,NSE,NSE,N,Y,Y,6/15/2021 0:00
554,MSTCLTD,Mstc Limited,210109,2395137,9356,MSTCLTD,MSTC,0,,0,0.05,1,EQ,NSE,NSE,N,Y,Y,6/15/2021 0:00
555,VRLLOG,VRL Logistics Limited,209642,2226177,8696,VRLLOG,VRL LOGISTICS,0,,0,0.05,1,EQ,NSE,NSE,N,Y,Y,6/15/2021 0:00
556,GREENPLY,Greenply Industries Limited,209141,1020673,3987,GREENPLY,GREENPLY INDUSTRIES,0,,0,0.05,1,EQ,NSE,NSE,N,Y,Y,6/15/2021 0:00
557,JTEKTINDIA,Jtekt India Limited,205730,828673,3237,JTEKTINDIA,JTEKT INDIA,0,,0,0.05,1,EQ,NSE,NSE,N,Y,Y,6/15/2021 0:00
558,MARKSANS,Marksans Pharma Limited,204452,2708225,10579,MARKSANS,MARKSANS PHARMA,0,,0,0.05,1,EQ,NSE,NSE,N,Y,Y,6/15/2021 0:00
559,TRIVENI,Triveni Engineering & Industries Limited,204283,3348737,13081,TRIVENI,TRIVENI ENGG. & INDS.,0,,0,0.05,1,EQ,NSE,NSE,N,Y,Y,6/15/2021 0:00
560,ATFL,Agro Tech Foods Limited,203008,425729,1663,ATFL,AGRO TECH FOODS,0,,0,0.05,1,EQ,NSE,NSE,N,Y,Y,6/15/2021 0:00
561,SUBROS,Subros Limited,201644,850945,3324,SUBROS,SUBROS,0,,0,0.05,1,EQ,NSE,NSE,N,Y,Y,6/15/2021 0:00
562,NEOGEN,Neogen Chemicals Limited,200864,2538753,9917,NEOGEN,NEOGEN CHEMICALS,0,,0,0.05,1,EQ,NSE,NSE,N,Y,Y,6/15/2021 0:00
563,AHLUCONT,Ahluwalia Contracts (India) Limited,200427,4565249,17833,AHLUCONT,AHLUWALIA CONT IND,0,,0,0.05,1,EQ,NSE,NSE,N,Y,Y,6/15/2021 0:00
564,ORIENTCEM,Orient Cement Limited,200362,7702785,30089,ORIENTCEM,ORIENT CEMENT.,0,,0,0.05,1,EQ,NSE,NSE,N,Y,Y,6/15/2021 0:00
